frase,arquivo,superclasse,risco,trigger_score
"Um estudo controlado com placebo, com administração de 100 mg de ACTILYSE por 3 horas, demonstrou uma taxa menor de mortalidade após 30 dias em comparação com placebo em pacientes tratados dentro de 6-12 horas após o início dos sintomas.",bula_profissional_alteplase_filtrado.txt,MI,alto,2
"Nos casos em que há presença de sinais de infarto do miocárdio, um tratamento iniciado em até 24 horas após o início dos sintomas ainda pode ser benéfico.",bula_profissional_alteplase_filtrado.txt,MI,alto,1
"CARACTERÍSTICAS FARMACOLÓGICAS Farmacodinâmica A substância ativa de ACTILYSE é o alteplase, um ativador de plasminogênio tecidual humano recombinante, uma glicoproteína que ativa o plasminogênio diretamente para plasmina.",bula_profissional_alteplase_filtrado.txt,MI,alto,2
"• hepatopatias graves, incluindo insuficiência hepática, cirrose, hipertensão portal (varizes esofágicas) e hepatite ativa;",bula_profissional_alteplase_filtrado.txt,MI,alto,0
"Nos casos de acidente vascular cerebral isquêmico agudo, é contraindicado: • aparecimento dos sintomas da isquemia há mais de três horas antes do início da infusão ou momento do aparecimento dos sintomas desconhecido;",bula_profissional_alteplase_filtrado.txt,MI,alto,2
"• sintomas do acidente vascular cerebral isquêmico agudo que estejam melhorando rapidamente ou que sejam apenas leves, antes do início da infusão;",bula_profissional_alteplase_filtrado.txt,MI,alto,2
"Recomenda-se monitorização principalmente de pacientes que estejam recebendo concomitantemente inibidores da enzima conversora de angiotensina (ECA, vide Reações Adversas).",bula_profissional_alteplase_filtrado.txt,MI,alto,0
"O tratamento não deve ser iniciado depois de 3 horas após o início dos sintomas devido à relação risco/benefício desfavorável, baseado nos seguintes dados: • os resultados positivos do tratamento diminuem com o passar do tempo;",bula_profissional_alteplase_filtrado.txt,MI,alto,1
A reperfusão da área isquêmica pode induzir edema cerebral na zona do infarto.,bula_profissional_alteplase_filtrado.txt,MI,alto,1
"Devido ao risco aumentado de hemorragia, tratamento com inibidores de agregação plaquetária não deve ser iniciado nas primeiras 24 horas após trombólise com alteplase.",bula_profissional_alteplase_filtrado.txt,MI,alto,3
"Tratamento concomitante com inibidores da ECA pode aumentar o risco de ocorrência de reação anafilática, pois nos casos em que ocorreram tais reações um número proporcionalmente alto de pacientes estava recebendo inibidores da ECA ao mesmo tempo.",bula_profissional_alteplase_filtrado.txt,MI,alto,1
"Posologia Deve-se administrar ACTILYSE, logo que possível, após o início dos sintomas.",bula_profissional_alteplase_filtrado.txt,MI,alto,1
"Tratamento de infarto agudo do miocárdio (IAM) a) Regime de administração acelerada durante 90 minutos para pacientes que sofreram infarto do miocárdio, nos quais o tratamento possa ser iniciado dentro de 6 horas após o início dos sintomas: • Pacientes com peso corpóreo maior ou igual a 65 kg: administrar uma dose de 15 mg como bolo intravenoso, seguida de dose de 50 mg em infusão intravenosa durante os primeiros 30 minutos, seguida de infusão intravenosa de 35 mg durante os 60 minutos seguintes, até a dose máxima de 100 mg.",bula_profissional_alteplase_filtrado.txt,MI,alto,4
b) Regime de administração durante 3 horas para pacientes nos quais o tratamento possa ser iniciado entre 6 e 12 horas após o início dos sintomas: deve-se administrar uma dose de 10 mg em bolo intravenoso.,bula_profissional_alteplase_filtrado.txt,MI,alto,3
"A infusão deve ser ajustada para manter a TTPa entre 50-70 segundos (1,5 a 2,5 vezes do valor de referência).",bula_profissional_alteplase_filtrado.txt,MI,alto,0
O tratamento deve ser iniciado o mais precocemente possível em até 3 horas após o início dos sintomas.,bula_profissional_alteplase_filtrado.txt,MI,alto,1
Terapêutica adjunta no AVC isquêmico agudo: a segurança e a eficácia deste regime com administração concomitante de heparina e ácido acetilsalicílico durante as primeiras 24 horas após o início dos sintomas ainda não foram suficientemente investigadas.,bula_profissional_alteplase_filtrado.txt,MI,alto,1
"Sintomas neurológicos hemorrágicos intracranianos como sonolência, afasia, hemiparesia e convulsão podem estar associados.",bula_profissional_alteplase_filtrado.txt,MI,alto,1
Náuseas e vômitos também podem ocorrer como sintomas do infarto do miocárdio.,bula_profissional_alteplase_filtrado.txt,MI,alto,0
"• Reações incomuns (>1/1000 e <1/100): hemorragia do trato respiratório, como hemorragia faríngea, hemoptise, epistaxis;",bula_profissional_alteplase_filtrado.txt,MI,alto,2
"Especificamente no tratamento do infarto agudo do miocárdio: arritmias de reperfusão, como arritmia, extrassístole, fibrilação atrial, bloqueio atrioventricular de primeiro grau a total, bradicardia, taquicardia, arritmia ventricular, fibrilação ventricular, taquicardia ventricular (ocorre em relação temporal próxima ao tratamento com ACTILYSE).",bula_profissional_alteplase_filtrado.txt,MI,alto,2
"• Reações raras (>1/10.000 e <1.000): reações anafilactoides (que geralmente são leves, mas podem causar risco de vida em casos isolados), podem aparecer como rash, urticária, broncoespasmo, edema angioneurótico, hipotensão, choque ou qualquer outro sintoma associado à hipersensibilidade;",bula_profissional_alteplase_filtrado.txt,MI,alto,0
uma parcela relativamente grande desses pacientes estava recebendo concomitantemente inibidores da ECA;,bula_profissional_alteplase_filtrado.txt,MI,alto,0
"INFARTO AGUDO DO MIOCÁRDIO ADMINISTRAÇÃO ACELERADA (até 6 horas após o início dos sintomas) Em pacientes com peso corpóreo ≥65 kg DOSE TOTAL: 100 mg em 90 min ACTILYSE PROFISSIONAL abcd ACTILYSE_Bula Profissional 20120904/ I13-00 9 1-2 minutos 15 mg Retirar 15 ml (15 mg) da solução de ACTILYSE do primeiro frasco de 50 mg, utilizando seringa estéril.",bula_profissional_alteplase_filtrado.txt,MI,alto,4
"INFARTO AGUDO DO MIOCÁRDIO ADMINISTRAÇÃO ACELERADA (até 6 horas após o início dos sintomas) Em pacientes com peso corpóreo <65 kg DOSE TOTAL: 15 mg + 0,75 mg/kg + 0,50 mg/kg (até 100 mg em 90 min) 1-2 minutos 15 mg Retirar 15 ml (15 mg) da solução de ACTILYSE, utilizando seringa estéril.",bula_profissional_alteplase_filtrado.txt,MI,alto,3
"INFARTO AGUDO DO MIOCÁRDIO ADMINISTRAÇÃO CONVENCIONAL (entre 6 e 12 horas após o início dos sintomas) 100 mg durante 3 horas 1-2 minutos 10 mg ACTILYSE PROFISSIONAL abcd ACTILYSE_Bula Profissional 20120904/ I13-00 10 Retirar 10 ml (10 mg) da solução de ACTILYSE do primeiro frasco de 50 mg, utilizando seringa estéril.",bula_profissional_alteplase_filtrado.txt,MI,alto,3
Comprimidos revestidos 100 mg e 200 mg ANCO_V.21-22 1 ANCORON® cloridrato de amiodarona MEDICAMENTO SIMILAR EQUIVALENTE AO MEDICAMENTO DE REFERÊNCIA APRESENTAÇÕES Ancoron® 100 mg: embalagem contendo 30 ou 60 comprimidos revestidos.,bula_profissional_amiodarona_filtrado.txt,CD,alto,3
"Devido às propriedades farmacológicas da amiodarona, Ancoron® está particularmente indicado quando esses distúrbios do ritmo forem capazes de agravar uma patologia clínica subjacente (insuficiência coronariana, insuficiência cardíaca).",bula_profissional_amiodarona_filtrado.txt,CD,alto,3
"RESULTADOS DE EFICÁCIA A amiodarona tem sido utilizada para suprimir um grande número de arritmias supraventricular e ventricular no útero, em adultos e crianças incluindo AV nodal, taquicardia juncional, flutter e fibrilação atrial, taquicardia ventricular e fibrilação ventricular associada com doença arterial coronária e cardiomiopatia hipertrófica.",bula_profissional_amiodarona_filtrado.txt,CD,alto,1
"- retardo da condução betabloqueadoressinoatrial, atrial e nodal, mais nítido quando a frequência cardíaca é mais rápida;",bula_profissional_amiodarona_filtrado.txt,CD,alto,0
"A amiodarona e a desetilamiodarona tem também um potencial para inibir alguns transportadores, tais como a glicoproteína-P e o transportador de cátions orgânicos - OCT2 (um estudo mostra um aumento de 1,1% na concentração de creatinina, um substrato de OCT2).",bula_profissional_amiodarona_filtrado.txt,CD,alto,1
O clearance plasmático da amiodarona é baixo e a excreção renal insignificante o que permite o emprego de Ancoron® nas posologias habituais nos pacientes com insuficiência renal.,bula_profissional_amiodarona_filtrado.txt,CD,alto,2
ANCO_V.21-22 3 Todas estas contraindicações listadas não se aplicam quando a amiodarona é utilizada na sala de emergência em casos de fibrilação ventricular resistente à ressuscitação cardiopulmonar por choque (desfibrilador).,bula_profissional_amiodarona_filtrado.txt,CD,alto,1
"Os pacientes recebendo esses medicamentos para hepatite C com amiodarona, com ou sem outros medicamentos que diminuem a frequência cardíaca, devem ser advertidos sobre os sintomas de bradicardia e bloqueio cardíaco e, caso ocorra, devem ser orientados a procurar imediatamente um médico.",bula_profissional_amiodarona_filtrado.txt,CD,alto,2
Reações adversas”) O aparecimento de dispneia ou tosse não produtiva pode estar relacionado à toxicidade pulmonar tal como pneumonite intersticial.,bula_profissional_amiodarona_filtrado.txt,CD,alto,1
"Deve-se realizar raio-X de tórax, quando há suspeita de pneumonite em pacientes que desenvolveram dispneia de esforço, isolada ou associada com piora do estado geral (fadiga, perda de peso, febre).",bula_profissional_amiodarona_filtrado.txt,CD,alto,0
"Podem ocorrer distúrbios hepáticos agudos (incluindo insuficiência hepatocelular severa ou insuficiência hepática, algumas vezes fatal) e crônicos, com o uso de amiodarona nas formas oral e intravenosa e nas primeiras 24 horas da administração por via IV.",bula_profissional_amiodarona_filtrado.txt,CD,alto,2
"Os sinais clínicos e biológicos de insuficiência hepática crônica decorrentes do uso oral de amiodarona podem ser mínimos (hepatomegalia, aumento das transaminases em até 5 vezes os valores normais) e reversíveis após a suspensão do tratamento, contudo foram relatados casos fatais.",bula_profissional_amiodarona_filtrado.txt,CD,alto,1
"Se sinais ou sintomas de SSJ, NET (rash cutâneo progressivo frequentemente com bolha ou lesão na mucosa) aparecerem, o tratamento com amiodarona deve ser descontinuado imediatamente.",bula_profissional_amiodarona_filtrado.txt,CD,alto,1
"Interações medicamentosa”) O uso concomitante de amiodarona não é recomendado com os seguintes fármacos: betabloqueadores, bloqueadores de canais de cálcio (verapamil, diltiazem), laxantes que podem causar hipocalemia.",bula_profissional_amiodarona_filtrado.txt,CD,alto,1
"As características clínicas, normalmente sem importância, como a perda de peso, princípio de arritmia, angina e insuficiência cardíaca congestiva devem alertar o médico.",bula_profissional_amiodarona_filtrado.txt,CD,alto,1
"O tratamento deve ser ajustado individualmente: medicamentos antitireoidianos (que nem sempre são efetivos), terapia com corticosteroides, betabloqueadores.",bula_profissional_amiodarona_filtrado.txt,CD,alto,1
"Em particular, no contexto da administração crônica de medicamentos antiarrítmicos, foram relatados casos de aumento na desfibrilação ventricular e/ou limiar de estimulação do marca-passo ou do dispositivo cardioversor desfibrilador implantável, afetando potencialmente sua eficácia.",bula_profissional_amiodarona_filtrado.txt,CD,alto,1
"- betabloqueadores e bloqueadores do canal de cálcio que reduzem a frequência cardíaca (verapamil, diltiazem), uma vez que podem ocorrer distúrbios de automatismo (bradicardia excessiva) e de condução;",bula_profissional_amiodarona_filtrado.txt,CD,alto,1
"Reações adversas”) Foram relatadas complicações potencialmente severas em pacientes submetidos à anestesia geral: bradicardia (irresponsiva à atropina), hipotensão, distúrbios da condução, redução do débito cardíaco.",bula_profissional_amiodarona_filtrado.txt,CD,alto,2
Substratos P-gp A amiodarona é um inibidor da P-gp.,bula_profissional_amiodarona_filtrado.txt,CD,alto,1
"Substratos do CYP P450 3A4 Quando tais substâncias são administradas concomitantemente com amiodarona, um inibidor do CYP3A4, pode ocorrer um aumento de suas concentrações no plasma, o que poderá acarretar num possível aumento de sua toxicidade.",bula_profissional_amiodarona_filtrado.txt,CD,alto,2
Efeito de outros produtos sobre Ancoron® Os inibidores do CYP 3A4 e do CYP 2C8 podem ter um potencial para inibir o metabolismo da amiodarona e aumentar a sua exposição.,bula_profissional_amiodarona_filtrado.txt,CD,alto,3
"Recomenda-se evitar inibidores do CYP 3A4 (por exemplo, suco de toranja e determinados medicamentos) durante o tratamento com amiodarona.",bula_profissional_amiodarona_filtrado.txt,CD,alto,3
"Advertências e precauções”) A administração concomitante de amiodarona com sofosbuvir em combinação com outro antiviral de ação direta sobre o vírus da Hepatite C (como daclatasvir, simeprevir ou ledipasvir) não é recomendada, pois pode levar a bradicardia sintomática grave.",bula_profissional_amiodarona_filtrado.txt,CD,alto,3
"Muito raro Distúrbios gastrintestinais Distúrbios gastrintestinais benignos (náuseas, vômitos, disgeusia) podem ocorrer em decorrência da dose de ataque e desaparecem com a redução da dose Muito comum Pancreatite/pancreatite aguda, boca seca, constipação Desconhecida Distúrbios gerais Granuloma, incluindo granuloma de medula óssea.",bula_profissional_amiodarona_filtrado.txt,CD,alto,1
"Os níveis podem retornar ao normal com redução da dose ou mesmo espontaneamente Muito comum Distúrbios hepáticos agudos com aumento das transaminases séricas e/ou icterícia, incluindo insuficiência hepática, que às vezes pode ser fatal Comum Doença hepática crônica (pseudo hepatite alcoólica, cirrose), às vezes, fatal Muito raro Distúrbios do sistema imunológico Edema angioneurótico (Edema de Quincke), reações anafiláticas/anafilactoides incluindo choque.",bula_profissional_amiodarona_filtrado.txt,CD,alto,2
"Desconhecida Aumento do nível sérico de creatinina Muito raro Distúrbios do metabolismo e nutrição Diminuição do apetite Desconhecida Distúrbios musculoesquelético e do tecido conjuntivo Síndrome lupus-like Desconhecida Distúrbios do sistema nervoso Tremor extrapiramidal, pesadelos e distúrbios do sono Comum Neuropatia periférica sensorimotor e/ou miopatia são geralmente reversíveis com a descontinuação do tratamento Incomum ANCO_V.21-22 9 Ataxia cerebelar, hipertensão intracraniana benigna (pseudo tumor cerebral), cefaleia Muito raro Parkinsonismo, parosmia Desconhecida Distúrbios psiquiátricos Estado confusional/delírio, alucinação Desconhecida Distúrbios mamários e do sistema reprodutivo Epididimites, disfunção erétil Muito raro Diminuição da libido Desconhecida Distúrbios respiratórios, torácicos e no mediastino Toxicidade pulmonar (pneumonite alveolar/ intersticial ou fibrose, pleurite, bronquiolite obliterante com pneumonia em organização) às vezes fatal (ver item “5.",bula_profissional_amiodarona_filtrado.txt,CD,alto,3
"Advertências e precauções”) Comum Hemorragia pulmonar Desconhecida Broncoespasmo em pacientes com insuficiência respiratória severa, especialmente em pacientes asmáticos.",bula_profissional_amiodarona_filtrado.txt,CD,alto,2
Interações medicamentosas”) Muito raro Distúrbios da pele e tecidos subcutâneos Fotossensibilidade Muito comum Pigmentação grisácea ou azulada da pele no caso de utilização prolongada ou de altas doses diárias.,bula_profissional_amiodarona_filtrado.txt,CD,alto,1
"Com a interrupção do tratamento essa pigmentação desaparece lentamente Comum Eritema durante o uso de radioterapia, rash cutâneos, normalmente inespecíficos, dermatite esfoliativa, alopecia Muito raro Eczema, urticária, reações cutâneas severas, às vezes, fatais incluindo necrólise epidérmica tóxica/síndrome de Stevens-Johnson, dermatite bolhosa e reação medicamentosa com eosinofilia e sintomas sistêmicos Desconhecida Distúrbios vasculares Vasculite Muito raro Em casos de eventos adversos, notifique pelo Sistema VigiMed, disponível no Portal da Anvisa.",bula_profissional_amiodarona_filtrado.txt,CD,alto,2
SUPERDOSE Sintomas Não há muitos dados disponíveis sobre superdose de amiodarona oral.,bula_profissional_amiodarona_filtrado.txt,CD,alto,1
"Foram relatados alguns casos de bradicardia sinusal, bloqueio cardíaco, taquicardia ventricular, Torsade de Pointes, insuficiência circulatória e disfunção hepática.",bula_profissional_amiodarona_filtrado.txt,CD,alto,0
"Síndrome coronária aguda: nos pacientes com SCA sem elevação do segmento ST (angina instável ou IM sem onda Q), incluindo tanto aqueles controlados clinicamente, quanto os submetidos à Intervenção Coronária Percutânea (ICP) (com ou sem colocação de stent), o bissulfato de clopidogrel demonstrou uma redução na taxa de ocorrência do desfecho combinado de morte cardiovascular, IM ou AVC, assim como na taxa de ocorrência do desfecho combinado de morte cardiovascular, IM, AVC ou isquemia refratária.",bula_profissional_clopidogrel_filtrado.txt,MI,alto,3
"RESULTADOS DE EFICÁCIA A evidência clínica para a eficácia de clopidogrel é derivada de cinco estudos duplo-cegos envolvendo mais de 88.000 pacientes: o estudo CAPRIE [clopidogrel vs ácido acetilsalicílico (AAS) em pacientes com risco de eventos isquêmicos], uma comparação de clopidogrel com AAS, e o estudo CURE (clopidogrel na angina instável para prevenir eventos isquêmicos recorrentes), o CLARITY-TIMI 28 (clopidogrel como terapia de reperfusão adjuntivo-trombólise no IM) e os estudos COMMIT/CCS-2 (estudo de clopidogrel e metoprolol no IM/segundo estudo cardíaco chinês) e o estudo ACTIVE-A (estudo do clopidogrel com irbesartana na prevenção de eventos vasculares na fibrilação atrial) comparando clopidogrel com placebo, ambos administrados em associação com AAS e outra terapia padrão.",bula_profissional_clopidogrel_filtrado.txt,MI,alto,2
"Síndrome Coronária Aguda (SCA) BULA PARA PROFISSIONAL DA SAÚDE – RDC 47/2009 Bissulfato de Clopidogrel_VPS_01.2019 4 O estudo CURE (The CURE Trial Investigators, 2001) incluiu 12.562 pacientes com Síndrome Coronariana Aguda (SCA) sem elevação do segmento ST (angina instável ou IM sem onda Q) apresentando quadro de dor precordial ou sintomas consistentes com isquemia dentro das 24 horas.",bula_profissional_clopidogrel_filtrado.txt,MI,alto,2
"A porcentagem de pacientes que apresentou o desfecho primário (óbito cardiovascular, IM ou AVC isquêmico), foi 9,3% no grupo tratado com clopidogrel e 11,41% no grupo placebo, com 20% de redução do risco relativo para o grupo tratado com clopidogrel.",bula_profissional_clopidogrel_filtrado.txt,MI,alto,3
"O estudo COMMIT incluiu 45.852 pacientes com sintomas suspeitos de IM há menos de 24 horas, com anormalidades no ECG (isto é, elevação ST, depressão ST, bloqueio do ramo esquerdo).",bula_profissional_clopidogrel_filtrado.txt,MI,alto,0
Descalonamento de agentes inibidores P2Y12 na Síndrome Coronária Aguda (SCA) A mudança de um inibidor do receptor P2Y12 mais potente para o clopidogrel em associação com a aspirina após a fase aguda da SCA foi avaliada em dois estudos randomizados patrocinados pelo investigador - TOPIC e TROPICAL-SCA - com dados de resultados clínicos.,bula_profissional_clopidogrel_filtrado.txt,MI,alto,2
"O benefício clínico proporcionado pelos inibidores P2Y12 mais potentes, ticagrelor e prasugrel, em seus estudos principais, está relacionado a uma redução significativa dos eventos isquêmicos recorrentes (incluindo trombose aguda e subaguda de stent, infarto do miocárdio e revascularização urgente).",bula_profissional_clopidogrel_filtrado.txt,MI,alto,0
"Em contraste, as análises post-hoc demonstraram aumentos estatisticamente significativos no risco de sangramento com os inibidores P2Y12 mais potentes, ocorrendo predominantemente durante a fase de manutenção, após o primeiro mês pós-SCA.",bula_profissional_clopidogrel_filtrado.txt,MI,alto,0
"TOPIC (tempo de inibição de plaquetas após a Síndrome Coronária Aguda) Este estudo aberto, randomizado e patrocinado pelo investigador incluiu pacientes com SCA que necessitaram de Intervenção Coronária Percutânea (ICP).",bula_profissional_clopidogrel_filtrado.txt,MI,alto,0
Pacientes utilizando aspirina e um bloqueador P2Y12 mais potente e sem eventos adversos em um mês foram designados a trocar a dose fixa de aspirina por clopidogrel (descalonamento de agentes inibidores P2Y12 na Síndrome Coronária Aguda) ou a continuação de seu esquema medicamentoso (descalonamento de agentes inibidores P2Y12 na Síndrome Coronária Aguda inalterado).,bula_profissional_clopidogrel_filtrado.txt,MI,alto,3
"No total, 645 dos 646 pacientes com STEMI (infarto do miocárdio com elevação do segmento ST) ou NSTEMI (infarto do miocárdio sem elevação do segmento ST) ou angina instável foram analisados (descalonamento de agentes inibidores P2Y12 na Síndrome Coronária Aguda (n = 322);",bula_profissional_clopidogrel_filtrado.txt,MI,alto,1
descalonamento de agentes inibidores P2Y12 na Síndrome Coronária Aguda inalterado (n = 323)).,bula_profissional_clopidogrel_filtrado.txt,MI,alto,1
"Foi realizado acompanhamento por 1 ano com 316 pacientes (98,1%) no grupo descalonamento de agentes inibidores P2Y12 na Síndrome Coronária Aguda, e 318 pacientes (98,5%) no grupo descalonamento de agentes inibidores P2Y12 na Síndrome Coronária Aguda inalterado.",bula_profissional_clopidogrel_filtrado.txt,MI,alto,2
"O desfecho primário, um composto de morte cardiovascular, acidente vascular cerebral, revascularização urgente e BARC (Bleeding Academic Research Consortium) sangramento ≥ 2 em 1 ano pós SCA, ocorreu em 43 pacientes (13,4%) no grupo descalonamento de agentes inibidores P2Y12 na Síndrome Coronária Aguda e em 85 pacientes (26,3%) no grupo descalonamento de agentes inibidores P2Y12 na Síndrome Coronária Aguda inalterado (p <0,01).",bula_profissional_clopidogrel_filtrado.txt,MI,alto,2
"Esta diferença estatisticamente significativa foi principalmente causada por menos eventos de sangramento, sem diferença relatada em desfechos isquêmicos (p = 0,36), enquanto BARC sangramento ≥ 2 ocorreu com menos frequência no grupo com BULA PARA PROFISSIONAL DA SAÚDE – RDC 47/2009 Bissulfato de Clopidogrel_VPS_01.2019 6 descalonamento de agentes inibidores P2Y12 na Síndrome Coronária Aguda (4,0%) versus 14,9% no grupo descalonamento de agentes inibidores P2Y12 na Síndrome Coronária Aguda inalterado (p <0,01).",bula_profissional_clopidogrel_filtrado.txt,MI,alto,4
"Os eventos de sangramento definidos como todos os BARC ocorreram em 30 pacientes (9,3%) no grupo descalonamento de agentes inibidores P2Y12 na Síndrome Coronária Aguda e em 76 pacientes (23,5%) no grupo descalonamento de agentes inibidores P2Y12 na Síndrome Coronária Aguda inalterado (p <0,01).",bula_profissional_clopidogrel_filtrado.txt,MI,alto,2
"TROPICAL-SCA (testando a capacidade de resposta à inibição plaquetária no tratamento antiplaquetário crônico na Síndrome Coronária Aguda) O estudo aberto, randomizado e patrocinado pelo investigador incluiu 2.610 pacientes com SCA positivos para biomarcadores após Intervenção Coronária Percutânea (ICP) bem-sucedida.",bula_profissional_clopidogrel_filtrado.txt,MI,alto,0
"Um total de 23,0% dos pacientes recebeu antiarrítmicos, 52,1% betabloqueadores, 54,6% inibidores da ECA e 25,4% estatinas.",bula_profissional_clopidogrel_filtrado.txt,MI,alto,0
"BULA PARA PROFISSIONAL DA SAÚDE – RDC 47/2009 Bissulfato de Clopidogrel_VPS_01.2019 8 REFERÊNCIAS BIBLIOGRÁFICAS Sabatine MS, Cannon CP, Gibson CM, et al: Effect of clopidogrel pretreatment before percutaneous coronary intervention in patients with ST-elevation myocardial infarction treated with fibrinolytics.",bula_profissional_clopidogrel_filtrado.txt,MI,alto,2
the Clopidogrel in Unstable Angina to Prevent Recurrent Events Trial Investigators (CURE).,bula_profissional_clopidogrel_filtrado.txt,MI,alto,1
"CARACTERÍSTICAS FARMACOLÓGICAS Farmacodinâmica O clopidogrel é um pró-fármaco, e um de seus metabólitos é inibidor da agregação plaquetária.",bula_profissional_clopidogrel_filtrado.txt,MI,alto,2
Os alelos CYP2C19*2 e CYP2C19*3 são responsáveis pela maioria dos alelos para função reduzida em metabolizadores lentos brancos (85%) e asiáticos (99%).,bula_profissional_clopidogrel_filtrado.txt,MI,alto,1
"Um paciente em condição de metabolizador lento irá possuir dois alelos sem função, conforme descrito anteriormente.",bula_profissional_clopidogrel_filtrado.txt,MI,alto,1
"As frequências divulgadas para os genótipos dos metabolizadores lentos de CYP2C19 são aproximadamente 2% para brancos, 4% para negros e 14% para chineses.",bula_profissional_clopidogrel_filtrado.txt,MI,alto,1
"Um estudo cruzado em 40 indivíduos sadios, 10 em cada grupo de metabolizadores da CYP2C19 (ultrarrápido, extensivo, intermediário e lento), avaliou a farmacocinética e a reposta antiplaquetária usando 300 mg seguido de 75 mg/dia e 600 mg seguido de 150 mg/dia, em um total de 5 dias (estado de equilíbrio).",bula_profissional_clopidogrel_filtrado.txt,MI,alto,2
"Não foram observadas diferenças fundamentais na exposição do metabólito ativo e inibição média de agregação plaquetária (IAP) entre metabolizadores ultrarrápidos, extensivos e intermediários.",bula_profissional_clopidogrel_filtrado.txt,MI,alto,2
"Em metabolizadores lentos, a exposição do metabólito ativo foi reduzida em 63-71% comparada aos metabolizadores extensivos.",bula_profissional_clopidogrel_filtrado.txt,MI,alto,2
"Após a posologia de 300 mg/75 mg, as respostas antiplaquetárias foram reduzidas nos metabolizadores lentos com IAP médio (ADP 5 μM) de 24% (24 horas) e 37% (dia 5) quando comparado a IAP de 39% (24 horas) e 58% (dia 5) nos metabolizadores extensivos e 37% (24 horas) e 60% (dia 5) nos metabolizadores intermediários.",bula_profissional_clopidogrel_filtrado.txt,MI,alto,1
"Quando os metabolizadores lentos receberam a dose de 600 mg/150 mg, a exposição do metabólito ativo foi maior que com a dose de 300 mg/75 mg.",bula_profissional_clopidogrel_filtrado.txt,MI,alto,3
"Adicionalmente, a IAP foi 32% (24 horas) e 61% (dia 5), os quais foram maiores que em metabolizadores lentos recebendo dose de 300 mg/75 mg, e foram similares ao outro grupo de metabolizadores da CYP2C19 recebendo a dose de 300 mg/75 mg.",bula_profissional_clopidogrel_filtrado.txt,MI,alto,3
"Em uma metanálise incluindo 6 estudos com 335 indivíduos tratados com clopidogrel no estado de equilíbrio, foi demonstrado que a exposição ao metabólito ativo diminuiu em 28% para metabolizadores intermediários, e 72% para metabolizadores lentos enquanto a inibição da agregação plaquetária (ADP 5 μM) foi reduzida com diferenças na IAP de 5,9% e 21,4%, respectivamente, quando comparada aos metabolizadores extensivos.",bula_profissional_clopidogrel_filtrado.txt,MI,alto,3
"Em 3 dos estudos de coorte (Collet, Sibbing, Giusti) e TRITON-TIMI 38 o grupo combinado de pacientes com estado metabolizador intermediário ou lento tiveram uma taxa maior de eventos cardiovasculares (morte, IM e AVC) ou trombose de stent comparada aos metabolizadores extensivos.",bula_profissional_clopidogrel_filtrado.txt,MI,alto,3
"Em um estudo de coorte (Simon) e CHARISMA, uma taxa de evento aumentada foi observada somente em metabolizadores lentos quando comparado aos metabolizadores extensivos.",bula_profissional_clopidogrel_filtrado.txt,MI,alto,1
"Em um estudo de coorte (Trenk), CURE, CLARITY e ACTIVE-A, não foi observado taxa de evento aumentado nos estados dos metabolizadores.",bula_profissional_clopidogrel_filtrado.txt,MI,alto,1
Nenhuma destas análises foi adequadamente classificada para detectar diferenças nos resultados nos metabolizadores lentos.,bula_profissional_clopidogrel_filtrado.txt,MI,alto,1
"- Pacientes com insuficiência hepática Após doses repetidas de 75 mg diários de bissulfato de clopidogrel por 10 dias em pacientes com insuficiência hepática severa, a inibição da agregação plaquetária induzida por ADP foi semelhante à observada em indivíduos saudáveis.",bula_profissional_clopidogrel_filtrado.txt,MI,alto,3
"- Pacientes com insuficiência renal Após doses diárias repetidas de 75 mg de bissulfato de clopidogrel, em pacientes com insuficiência renal severa (clearance de creatinina de 5 a 15 mL/min), a inibição da agregação plaquetária induzida pelo ADP foi menor (25%) que aquela observada em voluntários saudáveis, porém, o prolongamento do tempo de sangramento foi similar ao de indivíduos saudáveis que receberam 75 mg de bissulfato de clopidogrel por dia.",bula_profissional_clopidogrel_filtrado.txt,MI,alto,3
"- Toxicidade aguda BULA PARA PROFISSIONAL DA SAÚDE – RDC 47/2009 Bissulfato de Clopidogrel_VPS_01.2019 12 Em doses muito elevadas (≥ 1.500 mg/kg), uma tolerância gástrica fraca (erosões gástricas e/ou vômitos) de clopidogrel foi relatada em ratos, camundongos e babuínos.",bula_profissional_clopidogrel_filtrado.txt,MI,alto,3
"- Toxicidade crônica Durante estudos pré-clínicos em ratos e babuínos, os efeitos mais frequentemente observados em doses muito altas (mais de 300 vezes a dose terapêutica de 75 mg/dia com base em mg/kg) foram gastrite aguda, erosões gástricas e/ou vômitos.",bula_profissional_clopidogrel_filtrado.txt,MI,alto,1
"Os achados do fígado foram uma consequência de um efeito nas enzimas metabolizadoras hepáticas observadas em altas doses, um fenômeno geralmente reconhecido como não tendo relevância para humanos que recebem doses terapêuticas mais baixas.",bula_profissional_clopidogrel_filtrado.txt,MI,alto,2
"ADVERTÊNCIAS E PRECAUÇÕES Distúrbios hematológicos e sangramento Devido ao risco de sangramento e efeitos hematológicos indesejáveis, a contagem de células sanguíneas e/ou outros testes apropriados devem ser considerados sempre que surgirem sintomas clínicos suspeitos durante o tratamento (vide “Reações",bula_profissional_clopidogrel_filtrado.txt,MI,alto,0
"Profilaxia do tromboembolismo venoso e recidivas em pacientes acamados devido a doenças agudas incluindo insuficiência cardíaca, insuficiência respiratória, infecções graves e doenças reumáticas;",bula_profissional_enoxaparina_filtrado.txt,MI,alto,1
"Tratamento da angina instável e infarto do miocárdio sem onda Q, administrado concomitantemente ao ácido acetilsalicílico.",bula_profissional_enoxaparina_filtrado.txt,MI,alto,0
"RESULTADOS DE EFICÁCIA Estudo clínico prospectivo, aleatório, comparativo, unicêntrico e aberto envolvendo pacientes com indicação de profilaxia ou tratamento antitrombótico foi realizado a fim de avaliar a eficácia e a segurança de CUTENOX® em relação ao medicamento comparador.",bula_profissional_enoxaparina_filtrado.txt,MI,alto,2
"Insuficiência renal: em pacientes com insuficiência renal grave (clearance de creatinina menor que 15 mL/min), a meia vida de eliminação aparente da atividade anti-Xa é de aproximadamente 5 horas.",bula_profissional_enoxaparina_filtrado.txt,MI,alto,2
"Não existem dados disponíveis sobre os parâmetros farmacocinéticos com administração de doses maiores em pacientes com insuficiência renal leve, moderada ou grave.",bula_profissional_enoxaparina_filtrado.txt,MI,alto,2
"Deve-se empregar extrema cautela e monitoramento frequente para detectar qualquer sinal ou sintoma de lesão neurológica, tais como, dor na região lombar, deficiências sensoriais e motoras (insensibilidade ou fraqueza dos membros inferiores) alterações intestinais e/ou urinárias.",bula_profissional_enoxaparina_filtrado.txt,MI,alto,0
Os pacientes devem ser instruídos a informarem imediatamente seu médico caso apresentem qualquer sintoma ou sinal descrito acima.,bula_profissional_enoxaparina_filtrado.txt,MI,alto,0
"Em caso de suspeita de sinais ou sintomas de hematoma intraespinal, deve-se realizar o diagnóstico e tratamento, incluindo descompressão da medula espinhal, com urgência.",bula_profissional_enoxaparina_filtrado.txt,MI,alto,0
"Procedimentos de Revascularização Coronária Percutânea: Para minimizar o risco de sangramento após a instrumentação vascular durante o tratamento da angina instável, a bainha de acesso vascular deve permanecer no local durante um período de 6 a 8 horas após a administração de enoxaparina sódica.",bula_profissional_enoxaparina_filtrado.txt,MI,alto,3
"Bula_Profissional_Cutenox_AR.01.03.21 - Tratamento da angina instável e infarto do miocárdio sem onda Q A posologia de CUTENOX® recomendada é de 1 mg/kg a cada 12 horas, por via subcutânea, administrada concomitantemente com ácido acetilsalicílico (100 a 325 mg, uma vez ao dia).",bula_profissional_enoxaparina_filtrado.txt,MI,alto,2
Insuficiência renal: não é necessário realizar ajuste posológico em pacientes com insuficiência renal tratados com doses diárias de até 60 mg.,bula_profissional_enoxaparina_filtrado.txt,MI,alto,1
"Insuficiência hepática: devido à ausência de estudos clínicos, recomenda-se cautela em pacientes com insuficiência hepática.",bula_profissional_enoxaparina_filtrado.txt,MI,alto,0
"CUTENOX® deverá ser administrado, de preferência, com o paciente deitado.",bula_profissional_enoxaparina_filtrado.txt,MI,alto,1
"A injeção subcutânea consiste na introdução da agulha verticalmente em todo o seu comprimento, na espessura de uma prega cutânea feita entre os dedos polegar e indicador.",bula_profissional_enoxaparina_filtrado.txt,MI,alto,1
A agulha deve ser introduzida perpendicularmente na espessura de uma prega cutânea feita entre os dedos polegar e indicador.,bula_profissional_enoxaparina_filtrado.txt,MI,alto,0
"Trombocitopenia: relatou-se trombocitopenia leve, transitória e assintomática durante os primeiros dias de tratamento.",bula_profissional_enoxaparina_filtrado.txt,MI,alto,0
"Reações locais: podem ocorrer dor, hematomas e irritação local leve após a administração subcutânea de enoxaparina sódica.",bula_profissional_enoxaparina_filtrado.txt,MI,alto,4
"Outras reações: náusea, confusão, febre, reações alérgicas cutâneas (erupções bolhosas) ou sistêmicas incluindo reações anafilactóides.",bula_profissional_enoxaparina_filtrado.txt,MI,alto,0
Foram relatadas elevações assintomáticas e reversíveis na contagem de plaquetas e nas enzimas hepáticas.,bula_profissional_enoxaparina_filtrado.txt,MI,alto,0
"SUPERDOSE Sintomas e gravidade: a superdosagem acidental após a administração intravenosa, extracorporal ou subcutânea de CUTENOX® pode causar complicações hemorrágicas.",bula_profissional_enoxaparina_filtrado.txt,MI,alto,3
É indicado também como coadjuvante no tratamento da parada cardíaca e hipotensão profunda.,bula_profissional_noradrenalina_filtrado.txt,CD,alto,0
"RESULTADOS DE EFICÁCIA Em estudo clínico prospectivo, randomizado, aberto, realizado em uma unidade de terapia intensiva foi delineado para comparar dopamina à norepinefrina como o vasopressor inicial após reposição de volume líquido em 252 pacientes adultos com choque séptico.",bula_profissional_noradrenalina_filtrado.txt,CD,alto,3
"Houve uma incidência significativamente maior de taquicardia sinusal com dopamina [27,5% (33/120)] do que com norepinefrina [5,3% (7/132)] e arritmias observado com o tratamento de dopamina [23,3% (18/120)] quando comparada ao tratamento norepinefrina [5,3% (7/132)] (p <0,0001), respectivamente.",bula_profissional_noradrenalina_filtrado.txt,CD,alto,2
"Nesta estratégia de suporte vaso pressórica para pacientes em choque séptico, dopamina e norepinefrina foram igualmente eficazes como agentes iniciais para taxas de mortalidade em 28 dias.",bula_profissional_noradrenalina_filtrado.txt,CD,alto,2
"(PATEL, 2010) Em estudo multicêntrico, randomizado, duplo-cego, pacientes que tiveram choque séptico e estavam recebendo um mínimo de 5 μg de norepinefrina por minuto foram randomizados para receber uma dose baixa de vasopressina (0,01 a 0,03 UI por minuto) ou norepinefrina (5 a 15 μg por minuto), além dos vasopressores do período “open-label”.",bula_profissional_noradrenalina_filtrado.txt,CD,alto,2
"No estrato definido prospectivamente como choque séptico menos grave, a taxa de mortalidade foi significativamente menor no grupo de vasopressina do que no grupo norepinefrina aos 28 dias (26,5% versus 35,7%, P = 0,05);",bula_profissional_noradrenalina_filtrado.txt,CD,alto,1
"no estrato de choque séptico mais grave, não houve diferença significativa na mortalidade de 28 dias (44,0% e 42,5%, respectivamente;",bula_profissional_noradrenalina_filtrado.txt,CD,alto,0
"Em relação à análise de subgrupos, a significância estatística destas observações é incerta, especialmente pela realização de múltiplos testes estatísticos realizados, este achado deve ser considerado apenas como um gerador de hipótese para ser testado em futuros ensaios.",bula_profissional_noradrenalina_filtrado.txt,CD,alto,0
"Os autores concluíram que, vasopressina em baixa dose não reduziu as taxas de mortalidade quando comparado com a norepinefrina entre os pacientes com choque séptico que foram tratados com catecolaminas vasopressores (RUSSEL, 2008).",bula_profissional_noradrenalina_filtrado.txt,CD,alto,2
"Em estudo randomizado e controlado, delineado para comparar os efeitos da dopamina, noradrenalina, adrenalina, e a combinação de noradrenalina e dobutamina sobre o metabolismo da mucosa gástrica e oxigenação sistêmica em pacientes com choque séptico, cada paciente recebeu dopamina, em primeiro lugar, em seguida, numa sucessão aleatória epinefrina, norepinefrina, ou norepinefrinadobutamina, a pressão arterial sistémica média foi mantida a > 9,31 kPa.",bula_profissional_noradrenalina_filtrado.txt,CD,alto,4
"Em estudo multicêntrico, randomizado, foram incluídos pacientes com choque para receber dopamina ou norepinefrina como terapia vasopressora de primeira linha para restaurar e manter a pressão arterial.",bula_profissional_noradrenalina_filtrado.txt,CD,alto,3
"Uma análise de subgrupo mostrou que a dopamina, em comparação com norepinefrina, foi associada com um aumento da taxa de morte de 28 dias entre os 280 pacientes com choque cardiogênico, mas não entre os 1044 pacientes com choque séptico ou os 263 com choque hipovolêmico (P = 0,03 para choque cardiogênico, P = 0,19 para choque séptico, e P = 0,84 para choque hipovolêmico, em análises de Kaplan-Meier).",bula_profissional_noradrenalina_filtrado.txt,CD,alto,2
"Os autores concluíram que, embora não tenha havido diferença significativa na taxa de mortalidade entre os pacientes com choque que foram tratados com dopamina como agente vasopressor de primeira linha e aqueles que foram tratados com norepinefrina, a utilização de dopamina foi associada com um maior número de eventos adversos.",bula_profissional_noradrenalina_filtrado.txt,CD,alto,2
"(DE BACKER,2010) Com o objetivo de determinar se havia diferença entre epinefrina e norepinefrina na tentativa de estabilizar a pressão arterial média (PAM) em pacientes internados na unidade de terapia intensiva (UTI) com o diagnóstico de choque, os autores conduziram um estudo prospectivo, duplo-cego, randomizado e controlado.",bula_profissional_noradrenalina_filtrado.txt,CD,alto,3
Pacientes com choque séptico e insuficiência circulatória aguda foram analisados separadamente.,bula_profissional_noradrenalina_filtrado.txt,CD,alto,0
"Referências De Backer D, Biston P, Devriendt J, et al.",bula_profissional_noradrenalina_filtrado.txt,CD,alto,0
"Os efeitos beta-estimulantes da norepinefrina tem uma ação inotrópica positiva sobre o coração, mas se traduzem em pequeno efeito broncodilatador.",bula_profissional_noradrenalina_filtrado.txt,CD,alto,1
"Portanto, o uso de Epikabi (hemitartarato de norepinefrina) durante anestesia com esses anestésicos é geralmente considerado contraindicado em razão do risco de surgimento de taquicardia ventricular ou fibrilação.",bula_profissional_noradrenalina_filtrado.txt,CD,alto,3
"ADVERTÊNCIAS E PRECAUÇÕES Epikabi® (hemitartarato de norepinefrina) contém em sua formulação bissulfito de sódio, um sulfito que pode causar em pessoas suscetíveis, reações do tipo alérgico, incluindo sintomas anafiláticos com risco à vida ou episódios asmáticos menos graves.",bula_profissional_noradrenalina_filtrado.txt,CD,alto,3
Cefaleia pode ser um sintoma de hipertensão devido à superdosagem.,bula_profissional_noradrenalina_filtrado.txt,CD,alto,0
"Uma técnica de cateter preso deve ser evitada, quando possível, uma vez que a obstrução do fluxo sanguíneo ao redor do tubo pode causar êxtase e aumento da concentração local da droga.",bula_profissional_noradrenalina_filtrado.txt,CD,alto,1
"IMPORTANTE - Antídoto para isquemia por extravasamento: Para evitar escarificação e necrose em áreas nas quais tenha ocorrido extravasamento, o local deve ser infiltrado, tão logo seja possível, com 10 a 15 mL de solução salina contendo de 5 a 10 mg de fentolamina, um agente bloqueador adrenérgico.",bula_profissional_noradrenalina_filtrado.txt,CD,alto,1
"INTERAÇÕES MEDICAMENTOSAS Epikabi® (hemitartarato de norepinefrina) deve ser usado com extrema cautela em pacientes em tratamento com inibidores da monoamino-oxidase (IMAO) ou antidepressivos dos tipos triptilina ou imipramina, porque pode causar grave e prolongada hipertensão.",bula_profissional_noradrenalina_filtrado.txt,CD,alto,3
"Consequentemente, o uso de Epikabi® (hemitartarato de norepinefrina) durante a anestesia por ciclopropano e halotano é geralmente contraindicado devido ao risco de produzir taquicardia ou fibrilação ventricular.",bula_profissional_noradrenalina_filtrado.txt,CD,alto,3
"Um gotejador IV, ou outro dispositivo adequado de medir, é essencial para permitir uma acurada avaliação da velocidade do fluxo, em gotas por minuto.",bula_profissional_noradrenalina_filtrado.txt,CD,alto,0
"Admite-se também, que o poder da ação estimuladora beta-adrenérgica do Epikabi® (hemitartarato de norepinefrina) aumenta a força e a efetividade das contrações sistólicas, desde que elas ocorram.",bula_profissional_noradrenalina_filtrado.txt,CD,alto,3
"Com o dedo indicador envolver a parte superior da ampola (balão), pressionando-a para trás.",bula_profissional_noradrenalina_filtrado.txt,CD,alto,0
"Se o volume plasmático não é corrigido, a hipotensão pode recidivar quando Epikabi® (hemitartarato de norepinefrina) for descontinuado, ou a pressão sanguínea pode ser mantida ao risco de severa vasoconstrição periférica e visceral (por exemplo, perfusão renal diminuída) com diminuição no fluxo e na perfusão sanguínea tissulares com subsequente hipóxia tissular e acidose láctica e provável lesão isquêmica.",bula_profissional_noradrenalina_filtrado.txt,CD,alto,6
"Doses muito altas ou doses convencionais em pessoas hipersensíveis (por exemplo, pacientes hipertireoideos) causam severa hipertensão com cefaleia violenta, fotofobia, dor retroesternal pungente, palidez, sudorese intensa e vômitos.",bula_profissional_noradrenalina_filtrado.txt,CD,alto,1
"SUPERDOSE Superdosagem com Epikabi® (hemitartarato de norepinefrina) pode resultar em cefaleia, severa hipertensão, bradicardia reflexa, aumento marcado da resistência periférica e diminuição do débito cardíaco.",bula_profissional_noradrenalina_filtrado.txt,CD,alto,3
"Diretrizes da Sociedade Brasileira de Cardiologia sobre Angina Instável e Infarto Agudo do Miocárdio sem Supradesnível do Segmento ST – 2021 de síndromes aórticas agudas, tromboembolismo pulmonar ou outras alterações torácicas que possam ser diagnósticos diferenciais das SCA (como pneumonias e traumatismos).84,85 Por meio de protocolos de aquisição específicos, todas essas informações podem ser obtidas em um único exame.",diretriz_sbc_angina_instavel_filtrado.txt,STTC,alto,0
"Essa abordagem recebe o nome de descarte triplo (triple rule-out), porém só deve ser utilizada em situações específicas, nas quais a avaliação clínica é incapaz de direcionar o diagnóstico.86 Em resumo, a utilização da angioTC das artérias coronárias nas unidades de emergência é uma estratégia segura e eficiente para a avaliação de pacientes com dor torácica aguda de risco baixo e intermediário, reduzindo o tempo para o diagnóstico correto e o tempo de internação.87 Desvantagens do método são a utilização de radiação ionizante, custo elevado, necessidade de contraste iodado, limitação em pacientes com frequência cardíaca acima de 80 batimentos por minuto ou que não possam utilizar betabloqueador e disponibilidade reduzida em nosso meio.",diretriz_sbc_angina_instavel_filtrado.txt,STTC,alto,1
"Angiografia por tomografia computadorizada das artérias coronárias – Sumário de recomendações e evidências Em pacientes com dor torácica aguda de probabilidade baixa a intermediária de DAC, com ECG não diagnóstico e marcadores de necrose miocárdica negativos.",diretriz_sbc_angina_instavel_filtrado.txt,STTC,alto,0
I A Investigação da dor torácica aguda pela técnica do descarte triplo (triple rule-out).,diretriz_sbc_angina_instavel_filtrado.txt,STTC,alto,0
"Estratificação de risco de eventos isquêmicos cardiovasculares Antman et al., a partir de uma análise do banco de dados do estudo TIMI (Thrombolysis In Myocardial Infarction) 11B, encontraram os seguintes marcadores independentes de pior prognóstico em pacientes com SCASSST (“escore de risco do grupo TIMI”): idade ≥ 65 anos;",diretriz_sbc_angina_instavel_filtrado.txt,STTC,alto,3
uso de AAS nos 7 dias prévios aos sintomas;,diretriz_sbc_angina_instavel_filtrado.txt,STTC,alto,0
"presença de três ou mais fatores de risco tradicionais para DAC (hipertensão, hipercolesterolemia, diabetes melito, tabagismo, história familiar);",diretriz_sbc_angina_instavel_filtrado.txt,STTC,alto,1
"angina grave recente (< 24h).28 Conferindo um ponto para cada um desses itens, o paciente é classificado em baixo risco (escore de 0 a 2), risco intermediário (escore de 3 a 4) ou alto risco (escore de 5 a 7).",diretriz_sbc_angina_instavel_filtrado.txt,STTC,alto,2
"Entretanto, apresenta maior complexidade, com a necessidade da utilização de computador ou aparelho digital de uso pessoal para o cálculo do risco.88 O escore GRACE original fornece uma estimativa de óbito intra-hospitalar ou óbito e IAM em 6 meses após a alta e, posteriormente, o escore também foi validado para estimativa de risco de 1 e 3 anos.",diretriz_sbc_angina_instavel_filtrado.txt,STTC,alto,2
5 – Insuficiência cardíaca (Classe Killip) – variando de 0 ponto (classe I) a 59 pontos (classe IV).,diretriz_sbc_angina_instavel_filtrado.txt,STTC,alto,0
8 – Elevação dos níveis de biomarcadores de lesão cardíaca – variando de 0 ponto (não) a 14 pontos (sim).,diretriz_sbc_angina_instavel_filtrado.txt,STTC,alto,0
"O escore HEART avalia o risco de um evento cardíaco maior (infarto, necessidade ou revascularização ou morte) em 6 semanas após sua apresentação inicial em pacientes atendidos com dor torácica, e será discutido no item 5.4.",diretriz_sbc_angina_instavel_filtrado.txt,STTC,alto,2
"O escore CRUSADE (Can rapid risk stratification of unstable angina patients supress adverse) (www.crusadebleedingscocre.org/) foi desenvolvido a partir de uma coorte de 71.277 pacientes do registro de mesmo nome, posteriormente validado em coorte de 17.857 pacientes do mesmo registro92 (Tabela 1.6 e, em população brasileira foi preditor não apenas de sangramento mas também de mortalidade intra-hospitalar (área sob a curva ROC = 0,753, p < 0.001).93 A taxa de sangramento maior aumentou gradualmente com a elevação do escore de risco de sangramento.",diretriz_sbc_angina_instavel_filtrado.txt,STTC,alto,3
Diretrizes da Sociedade Brasileira de Cardiologia sobre Angina Instável e Infarto Agudo do Miocárdio sem Supradesnível do Segmento ST – 2021 Figura 1.3 – Escores de estratificação de risco clínico para dor torácica Arq Bras Cardiol.,diretriz_sbc_angina_instavel_filtrado.txt,STTC,alto,1
Diretrizes da Sociedade Brasileira de Cardiologia sobre Angina Instável e Infarto Agudo do Miocárdio sem Supradesnível do Segmento ST – 2021 Estratificação de risco Escore GRACE (Mortalidade hospitalar) Idade (anos) ― 0-100 Frequência cardíaca ― 0-46 PA Sistólica (mmHg) ― 58-0 Creatinina (mg/dL) ― 1-28 ICC (Killip) ― 0-59 PCR na admissão □ 39 Desvio de ST □ 28 ↑ Marcador de necrose □ 14 1 – 372 Risco Pontos Morte Hospitalar (%) Baixo 1-108 <1 Intermediário 109-140 1-3 Alto >140 >3 Figura 1.4 – Escore de risco GRACE.,diretriz_sbc_angina_instavel_filtrado.txt,STTC,alto,2
"Fonte: adaptada de Granger et al.89 Tabela 1.5 – Estratificação de risco de morte ou infarto em pacientes com síndrome isquêmica aguda sem supradesnível do segmento ST91 Alto Moderado Baixo Varável Prognóstica Pelo menos uma das características a seguir deve estar presente Nenhuma característica de alto risco, mas com alguma das que seguem adiante Nenhuma característica de risco intermediário ou alto, mas com alguma das que seguem adiante História Agravamento dos sintomas nas últimas 48h.",diretriz_sbc_angina_instavel_filtrado.txt,STTC,alto,1
"Idade > 75 anos Idade = 70 a 75 anos Infarto prévio, doença cerebrovascular ou periférica, diabetes melito, cirurgia de revascularização, uso prévio de AAS Dor precordial Dor prolongada (> 20min), em repouso.",diretriz_sbc_angina_instavel_filtrado.txt,STTC,alto,0
"Angina de repouso > 20min, resolvida, com probabilidade de DAC moderada a alta Angina em repouso ≤ 20min, com alívio espontâneo ou com nitrato Novo episódio de angina classe III ou IV da CCS nas últimas 2 semanas sem dor prolongada em repouso, mas com moderada ou alta probabilidade de DAC Exame físico Edema pulmonar, piora ou surgimento de sopro de regurgitação mitral, B3, novos estertores, hipotensão, bradicardia ou taquicardia Eletrocardiograma Infradesnível do segmento ST > 0,5mm (associado ou não com angina), alteração dinâmica do ST, bloqueio completo de ramo, novo ou presumidamente novo.",diretriz_sbc_angina_instavel_filtrado.txt,STTC,alto,0
Taquicardia ventricular sustentada Inversão onda T > 2mm;,diretriz_sbc_angina_instavel_filtrado.txt,STTC,alto,0
Normal ou inalterado durante o episódio de dor Marcadores séricos de isquemia* Acentuadamente elevados Discretamente elevados Normais *Troponina I cardíaca (Tnlc);,diretriz_sbc_angina_instavel_filtrado.txt,STTC,alto,0
Troponina T cardíaca (TnTc) ou CK-MB (preferencialmente massa) elevados = acima do percentil 99;,diretriz_sbc_angina_instavel_filtrado.txt,STTC,alto,0
Diretrizes da Sociedade Brasileira de Cardiologia sobre Angina Instável e Infarto Agudo do Miocárdio sem Supradesnível do Segmento ST – 2021 Outro escore foi derivado dos estudos ACUITY e HORIZONS.,diretriz_sbc_angina_instavel_filtrado.txt,STTC,alto,1
"Seis variáveis independentes (sexo feminino, idade avançada, creatinina séria elevada, contagem de leucócitos elevada, anemia, SCA com ou sem elevação de ST) e uma variável relacionada ao tratamento (uso de heparina e inibidor de GP IIbIIIa no lugar de bivalirudina isolada), foram identificadas (Tabela 1.7).",diretriz_sbc_angina_instavel_filtrado.txt,STTC,alto,0
"Fluxograma de Rotina Diagnóstica na Emergência e Critérios para Hospitalização É fundamental um fluxograma de rotina diagnóstica do paciente com dor torácica, definindo os critérios para alta precoce e internação hospitalar.",diretriz_sbc_angina_instavel_filtrado.txt,STTC,alto,0
"A triagem da dor torácica no serviço de emergência é baseada em uma breve história clínica, exame físico, ECG de 12 derivações em até 10min após chegada e mensuração de biomarcadores.",diretriz_sbc_angina_instavel_filtrado.txt,STTC,alto,0
"Além desse protocolo, a incorporação de escores de risco aplicáveis na sala de emergência, que integram dados demográficos, sintomas, achados eletrocardiográficos e biomarcadores, representa uma importante ferramenta de auxílio para o emergencista na avaliação dos pacientes com dor torácica.",diretriz_sbc_angina_instavel_filtrado.txt,STTC,alto,1
"realizaram estudo comparando a eficácia desses escores na liberação precoce no serviço de emergência, verificando que todos os escores foram eficazes com sensibilidade muito elevada.99 O escore HEART foi construído utilizando troponina convencional como biomarcador.",diretriz_sbc_angina_instavel_filtrado.txt,STTC,alto,1
"No entanto, estudos Tabela 1.6 – Escore de risco de sangramento CRUSADE (referência b) | Algoritmo usado para determinar o escore de risco CRUSADE para sangramento maior intra-hospitalar Fator prognóstico Escores Hematócrito basal (%) < 31 9 31-33,9 7 34-36,9 3 37-39,9 2 > 40 0 Clearance de creatinina (mL/min) < 15 39 16-30 35 31-60 28 61-90 17 91-120 7 > 120 0 Frequência cardíaca (bpm) < 70 0 71-80 1 81-90 3 91-100 6 101-110 8 111-120 10 > 120 11 Sexo Masculino 0 Feminino 8 Sinais de IC na apresentação Não 0 Sim 7 Doença vascular prévia Não 0 Sim 6 Diabetes melito Não 0 Sim 6 Pressão arterial sistólica (mmHg) < 90 10 91-100 8 101-120 5 121-180 1 181-200 3 > 200 5 IC: insuficiência cardíaca.",diretriz_sbc_angina_instavel_filtrado.txt,STTC,alto,3
"Diretrizes da Sociedade Brasileira de Cardiologia sobre Angina Instável e Infarto Agudo do Miocárdio sem Supradesnível do Segmento ST – 2021 Tabela 1.7 – Escore de risco de sangramento proposto por Mehran et al.94 Algoritmo usado para determinar o escore de risco para sangramento maior intra-hospitalar Soma Sexo Homens Mulheres 0 +8 Idade (anos) < 50 50-69 60-69 70-79 ≥ 80 0 +3 +6 +9 +12 Creatinina sérica (mg/dL) < 1,0 1,0- 1,2- 1,4- 1,6- 1,8- ≥ 2,0 0 +2 +3 +5 +6 +8 +10 Leucócitos totais (giga/mL) < 10 10- 12- 14- 16- 18- ≥ 20 0 +2 +3 +5 +6 +8 +10 Anemia Não Sim 0 +6 Apresentação da SCA IAM com supra – IAM sem supra – angina instável +6 +2 0 Medicações antitrombóticas Heparina+IGP IIb/IIIa – bivalirudina 0 –5 Valor total retrospectivos que utilizaram troponina ultrassensível apresentaram resultados similares aos observados nos estudos de validação.100,101 Não existem estudos validando o uso desta ferramenta no atendimento extra-hospitalar.",diretriz_sbc_angina_instavel_filtrado.txt,STTC,alto,3
"Contudo, há um estudo (ARTICA) em curso que visa validar o uso deste escore no atendimento pré-hospitalar.102 O escore HEART de 0 a 3 permite identificar 35% a 46% de pacientes com baixo risco, exibindo alta sensibilidade e valor preditivo negativo, enquanto pacientes com escore de 7 a 10 apresentam alto risco com uma taxa de eventos superior a 50% em 6 semanas.103-106 Quando comparado ao escores GRACE e TIMI, o escore HEART demonstrou maior habilidade em distinguir pacientes de baixo risco para eventos cardíacos maiores, com menor taxa de perda e maior acurácia para a estratificação de risco inicial na sala de emergência.107,108 A crescente utilização conjunta dos dados clínicos, eletrocardiográficos e mensuração de troponina ultrassensível e a sistematização da utilização dos escores amplificaram a eficácia dos protocolos de avaliação diagnóstica e a estratificação de risco da dor torácica na sala de emergência, promovendo alta precoce com segurança e redução de exames adicionais em 30 dias.109 Estudo que comparou de forma randomizada a aplicação do escore HEART no fluxo de atendimento emergencial de pacientes com dor torácica verificou um elevado valor preditivo negativo para ocorrência de eventos cardiovasculares maiores no primeiro ano, sem diferenças observadas quanto à internação hospitalar ou readmissão em serviço de emergência.110 Neste sentido, o atual impacto da avaliação adicional rotineira por exames de imagem em paciente classificados como baixo risco tem sido reconsiderado, pois, apesar do reconhecido valor quanto à redução do tempo para o diagnóstico, evidências atuais identificaram que essa estratégia pode proporcionar um aumento de exames adicionais sem benefício verificado quanto à ocorrência de IAM ou eventos clínicos relevantes.111 5.5.",diretriz_sbc_angina_instavel_filtrado.txt,STTC,alto,2
"Atuação da Enfermagem no Protocolo de Dor Torácica A triagem hospitalar, quando realizada por enfermeiros habilitados, melhora a identificação de pacientes de maior risco, assim como reduz o tempo de realização do ECG.112 Já foi demonstrado que, em hospitais de zona rural, enfermeiros emergencistas apresentaram alto nível de acurácia, reduzindo tempo de espera e tempo de permanência sem comprometer a segurança dos pacientes.113 Dessa forma, a participação ativa da enfermagem na triagem de pacientes com dor torácica deve ser estimulada, assim como o treinamento constante da equipe multidisciplinar na abordagem do paciente com dor torácica.",diretriz_sbc_angina_instavel_filtrado.txt,STTC,alto,1
O fluxograma proposto para abordagem do paciente com dor torácica na emergência está exposto na Figura 1.5.,diretriz_sbc_angina_instavel_filtrado.txt,STTC,alto,0
Diretrizes da Sociedade Brasileira de Cardiologia sobre Angina Instável e Infarto Agudo do Miocárdio sem Supradesnível do Segmento ST – 2021 6.,diretriz_sbc_angina_instavel_filtrado.txt,STTC,alto,0
Estratégia invasiva de urgência – Sumário de recomendações e evidências A estratégia invasiva urgente/imediata está indicada em pacientes com SCASSST com angina refratária ou instabilidade hemodinâmica ou elétrica (sem comorbidades graves ou contraindicações para estes procedimentos).,diretriz_sbc_angina_instavel_filtrado.txt,STTC,alto,1
"Oxigênio Suplementar Hipoxemia associada à isquemia miocárdica pode ocorrer devido a alterações da relação ventilação-perfusão, secundárias a shunt arteriovenoso pulmonar (consequente ao aumento da pressão diastólica final do ventrículo esquerdo) e, além disso, formação de edema intersticial e/ou alveolar pulmonar.",diretriz_sbc_angina_instavel_filtrado.txt,STTC,alto,0
"Pacientes com congestão pulmonar, cianose, hipoxemia arterial comprovada ou insuficiência respiratória associadas devem receber suplementação de oxigênio e ser cuidadosamente acompanhados com gasometrias seriadas.",diretriz_sbc_angina_instavel_filtrado.txt,STTC,alto,0
"Em casos selecionados que evoluem com sinais de insuficiência respiratória, com persistência de congestão pulmonar e hipoxemia, o suporte ventilatório não invasivo (VNI) deve ser instituído, além de progressão para ventilação invasiva Figura 1.5 – Fluxograma de rotina diagnóstica do paciente com dor torácica aguda na emergência.",diretriz_sbc_angina_instavel_filtrado.txt,STTC,alto,0
"Diretrizes da Sociedade Brasileira de Cardiologia sobre Angina Instável e Infarto Agudo do Miocárdio sem Supradesnível do Segmento ST – 2021 na ocorrência de choque circulatório, falência da VNI e nos pacientes instáveis em transição para revascularização miocárdica urgente (ICP ou CRVM).",diretriz_sbc_angina_instavel_filtrado.txt,STTC,alto,1
"Analgesia e Sedação A dor precordial e a ansiedade costumeiramente associada, presentes nas SCA, geralmente levam à hiperatividade do sistema nervoso simpático.",diretriz_sbc_angina_instavel_filtrado.txt,STTC,alto,0
"A terapêutica antianginosa inicial deve ser realizada com betabloqueadores e nitratos, desde que não haja contraindicações, como choque cardiogênico e/ou hipotensão.",diretriz_sbc_angina_instavel_filtrado.txt,STTC,alto,0
O sulfato de morfina poderá ser utilizado em casos refratários ou com contraindicação aos nitratos ou betabloqueadores.,diretriz_sbc_angina_instavel_filtrado.txt,STTC,alto,0
A administração em pequenos incrementos tem por objetivo evitar efeitos adversos como hipotensão e depressão respiratória.,diretriz_sbc_angina_instavel_filtrado.txt,STTC,alto,0
"Apesar de seu potente e eficaz efeito no controle da angina, há evidência de que o uso da morfina reduza o efeito antiplaquetário dos inibidores do receptor P2Y12, tanto o clopidogrel116 quanto antiplaquetários mais potentes como prasugrel e ticagrelor.117,118 Do ponto de vista de eventos clínicos, uma subanálise do registro CRUSADE119 e, mais recentemente, uma metanálise que incluiu quase 70 mil pacientes demonstraram que o uso rotineiro precoce de morfina pode estar associado a aumento de mortalidade intra-hospitalar e eventos cardiovasculares maiores.120 Em uma análise post-hoc do estudo EARLY-ACS, verificou-se que a morfina se associou a maior risco de eventos isquêmicos precoces quando utilizada concomitantemente ao pré-tratamento com clopidogrel.",diretriz_sbc_angina_instavel_filtrado.txt,STTC,alto,3
"Estudo clínico randomizado, duplo-cego, envolvendo 131 pacientes do gênero masculino com IAM observou que o grau de ansiedade, pressão arterial, frequência cardíaca e desconforto precordial não diferiu, quer os pacientes tenham sido tratados com diazepam ou com placebo122.",diretriz_sbc_angina_instavel_filtrado.txt,STTC,alto,0
"Anti-inflamatórios não esteroides (AINE) não devem ser utilizados (com exceção do AAS) para controle da dor em pacientes com IAM, pois aumentam o risco de eventos cardiovasculares maiores.",diretriz_sbc_angina_instavel_filtrado.txt,STTC,alto,1
"Se o paciente estiver em uso prévio de AINE, estes devem ser suspensos durante a internação devido aos efeitos deletérios associados a elevação da pressão arterial, risco de lesão renal aguda e hiperviscosidade sanguínea com piora do prognóstico cardiovascular.123 Analgesia e sedação – Sumário de recomendações e evidências Administrar sulfato de morfina em pacientes que mantêm dor contínua, apesar de terapia anti-isquêmica otimizada.",diretriz_sbc_angina_instavel_filtrado.txt,STTC,alto,1
IIb B Administrar benzodiazepínicos em pacientes com sinais e sintomas de ansiedade.,diretriz_sbc_angina_instavel_filtrado.txt,STTC,alto,0
"Em pacientes com maior risco de hipoglicemia, tais como idosos, nefropatas e pacientes com efeito residual de hipoglicemiantes orais e/ou em jejum, o controle glicêmico Tabela 1.8 – Indicação de estratégia invasiva de urgência Instabilidade hemodinâmica ou choque cardiogênico Dor torácica refratária ao tratamento medicamentoso Arritmias malignas ou parada cardiorrespiratória Complicações mecânicas do infarto Insuficiência cardíaca aguda Alterações recorrentes do segmento ST-T com elevação intermitente do segmento ST Arq Bras Cardiol.",diretriz_sbc_angina_instavel_filtrado.txt,STTC,alto,1
"Diretrizes da Sociedade Brasileira de Cardiologia sobre Angina Instável e Infarto Agudo do Miocárdio sem Supradesnível do Segmento ST – 2021 deve ser ajustado para tolerar níveis glicêmicos um pouco mais altos e, assim, prevenir hipoglicemia.",diretriz_sbc_angina_instavel_filtrado.txt,STTC,alto,0
"O seu efeito venodilatador, diminuindo o retorno venoso ao coração e o volume diastólico final do ventrículo esquerdo, reduz o consumo de oxigênio pelo miocárdio.",diretriz_sbc_angina_instavel_filtrado.txt,STTC,alto,0
"Além do efeito sintomático, os nitratos agem reduzindo a congestão pulmonar, principalmente pela redução do retorno venoso sistêmico.",diretriz_sbc_angina_instavel_filtrado.txt,STTC,alto,0
"Os estudos em AI que os avaliaram foram pequenos e do tipo observacional.128-132 A melhora dos sintomas tanto anginosos como congestivos está relacionada ao uso dos nitratos, porém sem impacto quanto a mortalidade, infarto ou necessidade de revascularização.",diretriz_sbc_angina_instavel_filtrado.txt,STTC,alto,0
"Caso não haja alívio rápido da dor, esses pacientes podem se beneficiar com a administração intravenosa (nitroglicerina e mononitrato de isossorbida são os disponíveis em nosso meio).",diretriz_sbc_angina_instavel_filtrado.txt,STTC,alto,0
"Os nitratos estão contraindicados na presença de hipotensão arterial importante (pressão arterial sistólica [PAS] < 100mmHg) ou uso prévio de sildenafil nas últimas 24h, ou uso de tadalafila nas últimas 48h.",diretriz_sbc_angina_instavel_filtrado.txt,STTC,alto,0
"A nitroglicerina IV é empregada na dose de 10µg/ min com incrementos de 10µg a cada 5min até obter-se melhora sintomática ou redução da pressão arterial (queda da PAS não deve ser superior a 30% ou PAS não atingindo < 110mmHg), ou então aumento da frequência cardíaca (> 10% da basal).",diretriz_sbc_angina_instavel_filtrado.txt,STTC,alto,1
O tratamento intravenoso deverá ser mantido por 24 a 48h da última dor anginosa e sua suspensão deverá ser feita de forma gradual.,diretriz_sbc_angina_instavel_filtrado.txt,STTC,alto,0
Nitratos – Sumário de recomendações e evidências Uso de nitrato sublingual para alívio da angina.,diretriz_sbc_angina_instavel_filtrado.txt,STTC,alto,0
"I C Uso de nitrato endovenoso para controle de angina persistente, hipertensão arterial ou sinais de congestão.",diretriz_sbc_angina_instavel_filtrado.txt,STTC,alto,0
"Betabloqueadores Assim como com os nitratos, a experiência clínica controlada do emprego de betabloqueadores na AI é limitada.",diretriz_sbc_angina_instavel_filtrado.txt,STTC,alto,0
"A evidência de efeitos benéficos baseia-se em seu mecanismo de ação, em estudos clínicos controlados de pequeno porte, e na extrapolação de resultados de estudos em angina estável e IAM com supra de ST.",diretriz_sbc_angina_instavel_filtrado.txt,STTC,alto,0
Os betabloqueadores inibem competitivamente os efeitos das catecolaminas circulantes.,diretriz_sbc_angina_instavel_filtrado.txt,STTC,alto,0
"Na AI, foram poucos e de pequeno porte os estudos que compararam betabloqueadores com placebo.133-135 Apesar da ausência de efeito redutor de mortalidade, metanálise de cinco pequenos estudos136 avaliando a utilização da terapêutica betabloqueadora em 4.700 pacientes com AI mostrou redução de 13% no risco relativo de progressão para IAM.",diretriz_sbc_angina_instavel_filtrado.txt,STTC,alto,1
"Estudo nacional em pacientes com SCASSST encontrou associação significativa entre o uso de betabloqueador oral com início nas primeiras 24h de hospitalização e menor mortalidade intra-hospitalar, independentemente da presença ou não de disfunção ventricular esquerda.137 Apesar de realizado em pacientes com IAM com supradesnível do segmento ST, o estudo COMMIT138 sugere que a utilização rotineira de dose elevada de betabloqueador IV seguido de administração oral pode aumentar a incidência de choque cardiogênico, principalmente quando utilizado nas primeiras 24 a 48h de evolução, e em pacientes com quadro clínico de disfunção ventricular esquerda ou com fatores de risco para choque cardiogênico (idade superior a 70 anos, frequência cardíaca > 110bpm/min ou pressão sistólica < 120mmHg).",diretriz_sbc_angina_instavel_filtrado.txt,STTC,alto,3
"Diretrizes da Sociedade Brasileira de Cardiologia sobre Angina Instável e Infarto Agudo do Miocárdio sem Supradesnível do Segmento ST – 2021 Apesar de não haver estudo clínico randomizado específico para população com SCASSST, estudo de banco de dados com mais de 20 mil pacientes mostra comportamento semelhante ao observado no estudo COMMIT.139 Assim, recomenda-se o uso rotineiro de betabloqueador oral nos pacientes sem contraindicação (mais detalhes na Parte 2 desta Diretriz).",diretriz_sbc_angina_instavel_filtrado.txt,STTC,alto,1
"Caso o paciente apresente dor isquêmica persistente e/ ou taquicardia (não compensatória de um quadro de insuficiência cardíaca), pode-se utilizar a formulação venosa.",diretriz_sbc_angina_instavel_filtrado.txt,STTC,alto,0
São usados vários regimes terapêuticos na dependência do betabloqueador selecionado.,diretriz_sbc_angina_instavel_filtrado.txt,STTC,alto,0
Não existem evidências de superioridade de um betabloqueador sobre outro.,diretriz_sbc_angina_instavel_filtrado.txt,STTC,alto,0
"Em pacientes que evoluem com disfunção ventricular (FEVE < 40%) o emprego de betabloqueadores é muito recomendado (carvedilol, bisoprolol e succinato de metoprolol) em pacientes sem congestão pulmonar.",diretriz_sbc_angina_instavel_filtrado.txt,STTC,alto,0
Betabloqueadores não devem ser utilizados em pacientes com sintomas relacionados a vasospasmo por uso de cocaína durante intoxicação aguda.,diretriz_sbc_angina_instavel_filtrado.txt,STTC,alto,0
"Em pacientes com asma ou doença pulmonar obstrutiva crônica, são contraindicados apenas na vigência de broncospasmo – nessa situação, betabloqueadores beta-1 seletivo são preconizados.",diretriz_sbc_angina_instavel_filtrado.txt,STTC,alto,0
"Betabloqueadores – Sumário de recomendações e evidências Administrar betabloqueadores VO nas primeiras 24h em pacientes sem contraindicações (sinais de insuficiência cardíaca, sinais de baixo débito, risco aumentado de choque cardiogênico ou outras contraindicações ao betabloqueador).",diretriz_sbc_angina_instavel_filtrado.txt,STTC,alto,1
"IIa B Administrar betabloqueador IV em pacientes de risco intermediário e alto com isquemia persistente, taquicardia e hipertensão, desde que não apresente sinais clínicos/ radiológicos de insuficiência cardíaca.",diretriz_sbc_angina_instavel_filtrado.txt,STTC,alto,1
IIb B Administrar betabloqueador IV em pacientes com fatores de risco para choque cardiogênico.,diretriz_sbc_angina_instavel_filtrado.txt,STTC,alto,1
"Antiplaquetários Orais O fenômeno de instabilidade da placa aterosclerótica coronariana consequente à ruptura ou erosão, com subsequente ativação plaquetária e trombose, é um reconhecido mecanismo de deflagração das SCA.140 Esse conceito direcionou os estudos e avanços na terapia antiplaquetária e o conceito atual da dupla terapia com AAS e um fármaco inibidor de receptor plaquetário P2Y12 em pacientes com SCA, contemplando os alocados para estratégia invasiva e/ou proposta inicial de tratamento clínico.141 As características e evidências científicas para escolhas individualizadas dos fármacos antiplaquetários encontramse detalhadamente descritas na Parte 2.",diretriz_sbc_angina_instavel_filtrado.txt,STTC,alto,0
"No entanto, uma das importantes decisões na sala de emergência consiste no momento ideal para o início de um inibidor de P2Y12, particularmente em pacientes submetidos à estratégia invasiva precoce com cinecoronariografia e perspectiva de ICP.",diretriz_sbc_angina_instavel_filtrado.txt,STTC,alto,1
"O termo “pré-tratamento” geralmente se refere ao início de um inibidor de P2Y12 antes da definição da anatomia coronariana, seja na ambulância ou na sala de emergência.",diretriz_sbc_angina_instavel_filtrado.txt,STTC,alto,0
"Fundamentos do Pré-tratamento com Bloqueadores de P2Y12 O objetivo do pré-tratamento com segundo antiplaquetário potente na SCASSST seria a possibilidade de alcançar inibição plaquetária eficaz e prevenção de maior agregação, sobretudo preparando e protegendo o paciente para estratégia invasiva, potencialmente reduzindo a extensão da trombose, risco de IAM recorrente e minimizando o risco de complicações relacionadas à ICP como trombose de stent e infarto periprocedimento.142 Em contrapartida, a proposta de pré-tratamento tem reconhecido impacto em aumentar o risco de sangramento associado ou não à cirurgia de revascularização miocárdica, fator que está associado a um relevante aumento da morbimortalidade na SCA.143-145 Uma questão importante se refere ao tempo mínimo ideal para ação clinicamente eficaz do fármaco, sabendo que até mesmo os mais potentes agentes antiplaquetários orais eficazes requerem pelo menos 30 a 60min para inibição plaquetária efetiva e, assim, obter “pré-tratamento apropriado” antes de cateterismo e perspectiva de ICP.146-149 A utilização do segundo agente plaquetário seguindo a proposta de pré-tratamento com bloqueadores de P2Y12 foi adotada nos estudos CURE (clopidogrel)150,151 e PLATO (ticagrelor);152,153 no estudo TRITON, o prasugrel poderia ser administrado somente após a identificação da anatomia coronariana.154 6.2.5.1.2.",diretriz_sbc_angina_instavel_filtrado.txt,STTC,alto,6
"Estudos Comparativos de Pré-tratamento versus Utilização do Segundo Antiplaquetário na Sala de Cateterismo O estudo PRELOAD ARMIDA-5 avaliou o pré-tratamento com clopidogrel em pacientes com SCASSST (n = 409) ou angina estável e não verificou associação com redução de eventos cardiovasculares adversos.155 O estudo CREDO foi planejado para avaliar o benefício de início do pré-tratamento com clopidogrel, além de AAS, em pacientes submetidos à ICP.",diretriz_sbc_angina_instavel_filtrado.txt,STTC,alto,3
"Diretrizes da Sociedade Brasileira de Cardiologia sobre Angina Instável e Infarto Agudo do Miocárdio sem Supradesnível do Segmento ST – 2021 placebo (n = 1.063), 3 a 24h antes da ICP.",diretriz_sbc_angina_instavel_filtrado.txt,STTC,alto,1
"Esses achados corroboram a hipótese da necessidade de maior tempo de ação quando utilizado clopidogrel em proposta de pré-tratamento.156 O ensaio clínico ACCOAST (n = 4.033) foi um estudo controlado multicêntrico e randomizado que comparou o tratamento com 60mg de prasugrel administrado na sala de cateterismo no momento da intervenção coronária percutânea com a estratégia de utilização de pré-tratamento com 30mg de prasugrel e uma segunda dose de 30mg durante a angiografia coronariana dentro de 2 a 48h após a randomização.157 O desfecho final composto primário foi morte por causas cardiovasculares, IAM, AVC, revascularização urgente ou necessidade de terapia de resgate com inibidores de glicoproteína IIb/IIIa até o sétimo dia.",diretriz_sbc_angina_instavel_filtrado.txt,STTC,alto,3
"As taxas de sangramento maior (TIMI) e sangramento ameaçador de vida não relacionado à CRVM foram 3 e 6 vezes maiores, respectivamente.",diretriz_sbc_angina_instavel_filtrado.txt,STTC,alto,1
"IC 95% 0,71-0,96, p = 0,01), sem aumento de sangramento maior em pacientes submetidos à ICP em até 48h.159 Outra metanálise que incluiu 23 estudos e 60.907 pacientes teve o objetivo de comparar a eficácia e a segurança dos inibidores plaquetários P2Y12: clopidogrel, ticagrelor e prasugrel administrados em dois cortes de tempo diferentes em relação à ICP: precoce (< 2h pré-ICP) versus tardio (>2h pré-ICP ou pós-ICP).",diretriz_sbc_angina_instavel_filtrado.txt,STTC,alto,4
"Porém, o pré-tratamento pode ser considerado nos pacientes sem risco hemorrágico crítico, com risco isquêmico moderado ou elevado, com programação para realizar cinecoronariografia ou manuseio inicial conservador em terapia anti-isquêmica plena.",diretriz_sbc_angina_instavel_filtrado.txt,STTC,alto,1
"Devemos considerar características clínicas, disponibilidade para realizar cinecoronariografia, dados de eficácia, segurança e propriedades farmacodinâmicas dos inibidores plaquetários P2Y12 disponíveis para uso no Brasil;",diretriz_sbc_angina_instavel_filtrado.txt,STTC,alto,0
"Diretrizes da Sociedade Brasileira de Cardiologia sobre Angina Instável e Infarto Agudo do Miocárdio sem Supradesnível do Segmento ST – 2021 decisão de administração na sala de cateterismo, todos os inibidores P2Y12 podem ser utilizados conforme escolha individualizada.",diretriz_sbc_angina_instavel_filtrado.txt,STTC,alto,0
"Neste contexto, se aplica, na ausência de contraindicações, o uso preferencial de prasugrel ou ticagrelor, fármacos com rápido início de ação e maior eficácia antitrombótica, e a opção do clopidogrel na presença de risco hemorrágico muito elevado (Figura 1.6).",diretriz_sbc_angina_instavel_filtrado.txt,STTC,alto,3
"I A E recomendado o uso de um inibidor receptor P2Y12 em adição a AAS, exceto contraindicações ou elevado risco de sangramento.",diretriz_sbc_angina_instavel_filtrado.txt,STTC,alto,2
"I A Não realizar pré-tratamento com segundo antiplaquetário inibidor do receptor P2Y12 nos pacientes instáveis e/ou com risco elevado, indicados para estratégia invasiva de forma imediata, sendo sua utilização recomendada para sala de cateterismo, quando anatomia coronariana conhecida e ICP programada.",diretriz_sbc_angina_instavel_filtrado.txt,STTC,alto,2
"I B Ticagrelor (dose de ataque), independentemente da estratégia inicial conservadora ou invasiva.",diretriz_sbc_angina_instavel_filtrado.txt,STTC,alto,1
"I B Clopidogrel (dose de ataque), independentemente da estratégia inicial (conservadora ou invasiva) na indisponibilidade ou contraindicação ao ticagrelor ou prasugrel.",diretriz_sbc_angina_instavel_filtrado.txt,STTC,alto,3
"I B Em pacientes alérgicos a AAS, está indicada monoterapia inicial com inibidor P2Y12 (uso preferencial de ticagrelor ou prasugrel).",diretriz_sbc_angina_instavel_filtrado.txt,STTC,alto,1
"I C Clopidogrel (dose de ataque), independentemente da estratégia inicial (conservadora ou invasiva) em pacientes de muito alto risco para sangramento ou necessidade de anticoagulação oral a longo prazo.",diretriz_sbc_angina_instavel_filtrado.txt,STTC,alto,4
O abciximab é um anticorpo monoclonal que atua como bloqueador não competitivo e irreversível dos receptores de GP IIb/IIIa.,diretriz_sbc_angina_instavel_filtrado.txt,STTC,alto,0
"Com relação à eficácia, o abciximab e o tirofiban apresentam resultados comparáveis quando o tirofiban é empregado com bolus elevado, de 25µg/kg, porém o abciximab mostrou-se superior ao tirofiban quando este foi empregado com a dose de bolus habitual de 10µg/kg.161,162 Genericamente, os bloqueadores GP IIb/IIIa tendem a aumentar o risco de hemorragia, e trombocitopenia é complicação rara, mas não negligível.",diretriz_sbc_angina_instavel_filtrado.txt,STTC,alto,2
"No contexto de pacientes com SCASSST submetidos à estratégia essencialmente “conservadora” (não realização rotineira de procedimentos intervencionistas precoces), os bloqueadores GP IIb/IIa tiveram seu uso fundamentado em estudos nos quais, além de heparinização, a ativação plaquetária era antagonizada, sistematicamente, apenas por AAS.163-170 Metanálise que incluiu > 30.000 pacientes demonstrou redução de 9% no risco relativo de óbito ou infarto aos 30 dias de seguimento (p = 0,015),169 sendo o benefício restrito aos pacientes de maior risco, fundamentalmente com troponina elevada e/ou com depressão do segmento ST e/ou submetidos à ICP (24% aos 30 dias de seguimento).",diretriz_sbc_angina_instavel_filtrado.txt,STTC,alto,3
"Diversos estudos testaram o papel dos bloqueadores GP IIb/IIIa no contexto de pacientes submetidos à ICP.171177 Os resultados desses estudos são mais homogêneos, demonstrando invariavelmente benefício com o uso destes medicamentos, porém à custa de importante aumento na incidência de sangramento.",diretriz_sbc_angina_instavel_filtrado.txt,STTC,alto,2
"Metanálise que incluiu estudos que analisaram o papel dos bloqueadores IIb/IIIa em pacientes com SCA sem ou com supradesnível de ST demonstrou, além de diminuições significativas nas incidências de óbito ou (re)infarto (p < 0,0001), diminuição de 21% (IC de 95%: 0,64-0,67) no risco relativo de óbito aos 6 meses de seguimento.178 Em pacientes em uso de dupla antiagregação plaquetária com AAS + clopidogrel, a adição de abciximab foi comparada Arq Bras Cardiol.",diretriz_sbc_angina_instavel_filtrado.txt,STTC,alto,2
"Diretrizes da Sociedade Brasileira de Cardiologia sobre Angina Instável e Infarto Agudo do Miocárdio sem Supradesnível do Segmento ST – 2021 a placebo no estudo ISAR-REACT-2, que envolveu 2.022 pacientes com SCASSST.",diretriz_sbc_angina_instavel_filtrado.txt,STTC,alto,1
"Vale ressaltar que o benefício do emprego do abciximab só foi encontrado nos indivíduos que apresentavam elevação de troponina.179 O estudo ACUITY-TIMING incluiu 9.207 pacientes com SCASSST (98% com AAS e 65% com bloqueador P2Y12 préangiografia) e avaliou qual o melhor momento para o emprego do bloqueador GP IIb/IIIa, randomizando os pacientes para o emprego rotineiro de tirofiban ou eptifibatide quando da randomização do paciente ou de forma eletiva quando da realização de ICP, já na sala de hemodinâmica.",diretriz_sbc_angina_instavel_filtrado.txt,STTC,alto,2
"Nesse estudo, o emprego rotineiro dos bloqueadores GP IIb/IIIa não foi capaz de reduzir desfechos isquêmicos, e aumentou de forma Figura 1.6 – Terapia antitrombótica inicial nas síndromes coronarianas agudas sem supradesnível do segmento ST.",diretriz_sbc_angina_instavel_filtrado.txt,STTC,alto,0
"Diretrizes da Sociedade Brasileira de Cardiologia sobre Angina Instável e Infarto Agudo do Miocárdio sem Supradesnível do Segmento ST – 2021 significativa a incidência de sangramento importante (RR = 0,80, p < 0,001).180 Resultados semelhantes foram encontrados no estudo EARLY-ACS, em que 9.492 pacientes com SCASSST foram randomizados para emprego de antiagregação plaquetária com epitifibatide iniciado antes do cateterismo versus uso somente em casos selecionados antes da angioplastia (a partir de aspectos angiográficos).",diretriz_sbc_angina_instavel_filtrado.txt,STTC,alto,2
"Novamente, a estratégia de uso rotineiro do bloqueador da GP IIb/IIIa não foi capaz de reduzir complicações isquêmicas;",diretriz_sbc_angina_instavel_filtrado.txt,STTC,alto,0
"contudo, resultou em aumento na incidência de sangramentos e necessidade de transfusões.181 Com base no conjunto dessas evidências, o emprego dos bloqueadores da GP IIb/IIIa, como um terceiro antiagregante plaquetário, deve ser reservado para pacientes que não apresentem alto risco hemorrágico e que tenham alto risco isquêmico/trombótico por critérios clínicos e angiográficos.",diretriz_sbc_angina_instavel_filtrado.txt,STTC,alto,2
"Anticoagulantes A terapia anticoagulante deve ser administrada o mais rápido possível em todos os pacientes com SCASSST, visto que a utilização desses compostos reduz as incidências de IAM e óbito, sendo empregada poucas horas após o diagnóstico.182 A escolha e o momento do anticoagulante são determinados por estratégia de tratamento (abordagem invasiva ou conservadora), gravidade da apresentação clínica e particularidades de cada serviço.",diretriz_sbc_angina_instavel_filtrado.txt,STTC,alto,1
"Nos pacientes com proposta de tratamento conservador inicial, recomenda-se o uso preferencial de enoxaparina ou fondaparinux.",diretriz_sbc_angina_instavel_filtrado.txt,STTC,alto,1
"No subgrupo de pacientes de muito alto risco, com proposta de cateterismo imediato, apesar da semelhante eficácia da enoxaparina e HNF demostrada no estudo SINERGY, escolha da HNF iniciada na emergência ou, preferencialmente, na sala de cateterismo, pode reduzir a chance da ocorrência de transição de enoxaparina para HNF (cross over ) e o conhecido maior risco hemorrágico dessa prática.190 Nos demais pacientes, a escolha deve ser orientada por características de risco isquêmico e hemorrágico do paciente e na experiência do serviço.",diretriz_sbc_angina_instavel_filtrado.txt,STTC,alto,3
"O uso preferencial da enoxaparina versus HNF é sugerido por dados de revisão sistemática dos ensaios randomizados em todo o espectro das SCA, sendo demonstrado que a enoxaparina é mais eficaz que a HNF em prevenir o desfecho combinado de morte por qualquer causa ou sangramento grave em pacientes com SCASSST submetidos à ICP.191-193 Fondaparinux é uma opção segura conforme proposta inicial de tratamento não invasivo, e, se posteriormente indicado cateterismo, está recomendado o uso de HNF durante o procedimento pelo risco de trombose de cateter.194,195 Paciente em uso prévio de anticoagulantes orais de ação direta, em vigência de SCA, deve ser manejado com cautela visando não incrementar o risco hemorrágico.",diretriz_sbc_angina_instavel_filtrado.txt,STTC,alto,6
"5.000UI) e infusão (12 a 15UI/kg/h) com alvo de PTT 1,5-2,5× controle Durante coronariografia: 70 a 100UI/kg IV em pacientes não anticoagulados ou 50 a 70UI/kg se uso concomitante com inibidores GPIIbIIIa Sem ajuste de dose Sem ajuste de dose Enoxaparina 1mg/kg SC 12/12h > 75 anos: 75% da dose 1mg/kg 24/24h Não recomendado Fondaparinux 2,5mg SC 24/24h Não recomendado se clearance < 20mL/min/1,73m² Não recomendado Arq Bras Cardiol.",diretriz_sbc_angina_instavel_filtrado.txt,STTC,alto,2
"Diretrizes da Sociedade Brasileira de Cardiologia sobre Angina Instável e Infarto Agudo do Miocárdio sem Supradesnível do Segmento ST – 2021 Esses agentes se diferenciam em relação à sua capacidade de produzir vasodilatação arterial, reduzir a contratilidade miocárdica e retardar a condução AV.",diretriz_sbc_angina_instavel_filtrado.txt,STTC,alto,0
Os di-hidropiridínicos ocasionam maior vasodilatação arterial periférica e tendem a produzir taquicardia reflexa (mais evidente com a nifedipina de ação curta);,diretriz_sbc_angina_instavel_filtrado.txt,STTC,alto,0
"Para controlar os sintomas,200,201 os antagonistas dos canais de cálcio são tão eficientes quanto os betabloqueadores;",diretriz_sbc_angina_instavel_filtrado.txt,STTC,alto,0
"entretanto, não reduzem a incidência de angina refratária, infarto ou óbito – ao contrário, parecem acentuar a incidência dessas complicações, como sugerido por metanálise.202 Até o momento, foram avaliados na AI apenas os representantes de primeira geração.",diretriz_sbc_angina_instavel_filtrado.txt,STTC,alto,0
"Por outro lado, em pacientes com IAMSSST, existem evidências de que o diltiazem e o verapamil (que não se associam à taquicardia reflexamente induzida) possam ter efeito protetor.204,205 Esses agentes podem ser usados para controlar sintomas isquêmicos refratários em pacientes já em uso de nitratos e betabloqueadores em doses adequadas, ou em pacientes que não toleram o uso destes medicamentos (principalmente nos casos de contraindicação), ou, ainda, nos casos de angina variante (Prinzmetal).",diretriz_sbc_angina_instavel_filtrado.txt,STTC,alto,1
Uso de derivado não di-hidropiridínico em casos de contraindicação aos betabloqueadores e sem disfunção ventricular esquerda.,diretriz_sbc_angina_instavel_filtrado.txt,STTC,alto,0
I B Di-hidropiridínicos de ação prolongada na presença de isquemia refratária para pacientes em uso adequado de nitratos e betabloqueadores e sem disfunção ventricular.,diretriz_sbc_angina_instavel_filtrado.txt,STTC,alto,0
"IIa B Derivados di-hidropiridínicos de início de ação rápida para pacientes de alto risco, já em uso adequado de betabloqueadores.",diretriz_sbc_angina_instavel_filtrado.txt,STTC,alto,1
IIb B Derivados di-hidropiridínicos de início de ação rápida em pacientes sem uso adequado de betabloqueadores.,diretriz_sbc_angina_instavel_filtrado.txt,STTC,alto,0
"Inibidores do Receptor P2Y12 (iP2Y12) Os derivados tienopiridínicos (clopidogrel e prasugrel) são fármacos antagonistas da ativação plaquetária mediada pelo difosfato de adenosina (ADP), que agem bloqueando de maneira irreversível o receptor P2Y12 plaquetário;",diretriz_sbc_angina_instavel_filtrado.txt,STTC,alto,2
"Em conjunto com o ticagrelor (derivado da ciclopentiltriazolopirimidina – “não tienopiridínico”), que é um inibidor reversível da agregação plaquetária induzida por ADP, estes são, atualmente, os três iP2Y12 plaquetários disponíveis para uso no Brasil (preferencialmente em associação ao AAS).",diretriz_sbc_angina_instavel_filtrado.txt,STTC,alto,0
"Clopidogrel No contexto de SCASSST, o primeiro grande estudo clínico – CURE (Clopidogrel in Unstable angina to prevent Recurrent Events) – testou o papel do clopidogrel em adição ao AAS em mais de 12 mil pacientes, sendo acompanhados por 3 a 12 meses (média de 9 meses).",diretriz_sbc_angina_instavel_filtrado.txt,STTC,alto,2
"Diretrizes da Sociedade Brasileira de Cardiologia sobre Angina Instável e Infarto Agudo do Miocárdio sem Supradesnível do Segmento ST – 2021 Quando os pacientes com SCASSST são tratados com ICP, o duplo bloqueio da agregação plaquetária torna‑se imperativo, tanto com base em estudo que focalizou primariamente o contexto da ICP215 como também em trabalhos que abordaram as SCA per se.",diretriz_sbc_angina_instavel_filtrado.txt,STTC,alto,2
A associação dos inibidores de bomba de prótons (IBP) ao clopidogrel merece destaque.,diretriz_sbc_angina_instavel_filtrado.txt,STTC,alto,1
"Assim, um contingente apreciável de médicos e pesquisadores sugere que, em princípio, o uso de IBP (principalmente omeprazol), em conjunto com o clopidogrel, deva ser evitado.",diretriz_sbc_angina_instavel_filtrado.txt,STTC,alto,1
"pylori, idade ≥ 65 anos, uso concomitante de anticoagulantes ou esteroides) podem empiricamente receber bloqueadores dos receptores H2 (p.",diretriz_sbc_angina_instavel_filtrado.txt,STTC,alto,0
Diretrizes da Sociedade Brasileira de Cardiologia sobre Angina Instável e Infarto Agudo do Miocárdio sem Supradesnível do Segmento ST – 2021 suspenso pelo menos 5 dias antes do procedimento devido ao risco de sangramento.,diretriz_sbc_angina_instavel_filtrado.txt,STTC,alto,2
"O desfecho primário de eficácia do estudo, composto de óbito cardiovascular, (re)infarto e AVC, apresentou redução de 19% no grupo prasugrel (RR 0,81;",diretriz_sbc_angina_instavel_filtrado.txt,STTC,alto,1
"Com relação aos desfechos secundários de eficácia, o grupo tratado com prasugrel apresentou 24% de redução de IAM (RR 0,76;",diretriz_sbc_angina_instavel_filtrado.txt,STTC,alto,1
"2,4%, p = 0,03), 52% de aumento de sangramento ameaçador à vida (RR 1,52;",diretriz_sbc_angina_instavel_filtrado.txt,STTC,alto,1
Tampouco foram detectadas diferenças significativas entre os grupos no que se refere aos desfechos principais de segurança (sangramento grave ou ameaçador à vida pelo critério GUSTO ou sangramento grave pelo critério TIMI).,diretriz_sbc_angina_instavel_filtrado.txt,STTC,alto,1
"Ticagrelor O ticagrelor também é inibidor da agregação plaquetária induzida por ADP, via bloqueio do receptor P2Y12, porém não pertence à classe dos tienopiridínicos.",diretriz_sbc_angina_instavel_filtrado.txt,STTC,alto,0
"Com tais características, o ticagrelor exerce efeito antiagregante plaquetário mais intenso, rápido e consistente em relação ao clopidogrel.239 No estudo PLATO,152 cerca de 18 mil pacientes admitidos por SCA de risco intermediário e alto com até 24h do início dos sintomas foram randomizados para receber ticagrelor (180mg de ataque seguidos por 90mg a cada 12h de manutenção) ou clopidogrel (300mg de ataque seguidos por 75mg ao dia de manutenção).",diretriz_sbc_angina_instavel_filtrado.txt,STTC,alto,2
"Os pacientes que foram submetidos à ICP receberam dose adicional de 90mg de ticagrelor e poderiam, a critério do investigador, receber dose adicional de 300mg de clopidogrel.",diretriz_sbc_angina_instavel_filtrado.txt,STTC,alto,3
"Diretrizes da Sociedade Brasileira de Cardiologia sobre Angina Instável e Infarto Agudo do Miocárdio sem Supradesnível do Segmento ST – 2021 de tratamento empregada (revascularização percutânea, cirúrgica ou tratamento clínico exclusivo).",diretriz_sbc_angina_instavel_filtrado.txt,STTC,alto,0
"Houve aumento significativo na ocorrência de dispneia (RR 1,84;",diretriz_sbc_angina_instavel_filtrado.txt,STTC,alto,0
"1,7%, p= 0,52).243 Não houve diferença entre os grupos, no global da população estudada, quanto à necessidade de implante de MP, ocorrência de síncope ou bloqueio cardíaco.243 Houve elevação dos níveis de creatinina (10% vs.",diretriz_sbc_angina_instavel_filtrado.txt,STTC,alto,0
"7%), que foram revertidos 1 mês após o final do tratamento.244 O banco de dados o PLATO propiciou a publicação de diversas análises de subgrupos pré-especificados, como, por exemplo: diabéticos245 doença renal crônica,246 AVC prévio,247 utilização de IBP,230 estratégia invasiva ou conservadora inicial,248 revascularização miocárdica cirúrgica,249 recorrência de eventos,250 custo-efetividade,251 entre outros.",diretriz_sbc_angina_instavel_filtrado.txt,STTC,alto,0
"Diretrizes da Sociedade Brasileira de Cardiologia sobre Angina Instável e Infarto Agudo do Miocárdio sem Supradesnível do Segmento ST – 2021 estratégias de antiagregação plaquetária: uma convencional, em que a administração de AAS e iP2Y12 utilizava a posologias habitualmente empregadas, e outra na qual as doses eram ajustadas de acordo com os resultados da agregabilidade plaquetária obtidos pelo método laboratorial do VerifyNow® Aspirinand P2Y12.",diretriz_sbc_angina_instavel_filtrado.txt,STTC,alto,1
"Neste estudo, 2.488 pacientes com SCA foram randomizados para uma estratégia padrão com uso de ticagrelor ou prasugrel versus uma estratégia personalizada, em que os pacientes não portadores de polimorfismos, levando à perda de função do 2C19 (e, portanto, com metabolização normal do clopidogrel), recebiam clopidogrel em vez dos outros dois antiplaquetários.",diretriz_sbc_angina_instavel_filtrado.txt,STTC,alto,2
"p = 0,06) em pacientes carreadores do alelo que leva à perda de função do 2C19 (aproximadamente 35% dos pacientes incluídos).255 Novos estudos, inclusive com análise de custo-efetividade, são necessários para confirmar tais resultados antes de uma decisão definitiva quanto ao rotineiro uso da genotipagem.",diretriz_sbc_angina_instavel_filtrado.txt,STTC,alto,0
"I A Clopidogrel (300mg em dose de ataque, com manutenção de 75mg/dia) em adição ao AAS, em pacientes portadores de SCASSST de risco intermediário ou alto por 12 meses, em pacientes com risco muito alto de sangramento, em uso concomitante de anticoagulantes orais ou quando prasugrel ou ticagrelor não estiverem disponíveis.",diretriz_sbc_angina_instavel_filtrado.txt,STTC,alto,6
"I B Ticagrelor (180mg de ataque seguidos por 90mg 2 vezes/ dia) em pacientes portadores de SCASSST de risco intermediário ou alto, independente da estratégia de tratamento posterior (clínico, cirúrgico ou percutâneo), preferencialmente ao clopidogrel, por 12 meses.",diretriz_sbc_angina_instavel_filtrado.txt,STTC,alto,3
"I B Prasugrel 60mg de ataque seguidos por 10mg ao dia em pacientes portadores de SCASSST de risco moderado ou alto, com anatomia coronariana conhecida, tratados com ICP e sem fatores de risco para sangramento (idade ≥ 75 anos;",diretriz_sbc_angina_instavel_filtrado.txt,STTC,alto,5
"AVC ou AIT prévios), preferencialmente ao clopidogrel, por 12 meses.",diretriz_sbc_angina_instavel_filtrado.txt,STTC,alto,1
"Diretrizes da Sociedade Brasileira de Cardiologia sobre Angina Instável e Infarto Agudo do Miocárdio sem Supradesnível do Segmento ST – 2021 trombina, esta ligação se faz tanto à AT quanto à enzima de coagulação.",diretriz_sbc_angina_instavel_filtrado.txt,STTC,alto,0
"Na vigência de uso concomitante de inibidores dos receptores IIb/IIIa, a dose inicial deve ser de 60-70UI/kg.258 Os efeitos colaterais mais frequentes da HNF são os sangramentos maiores ou menores, que ocorrem principalmente quando o tempo de coagulação está acima da faixa terapêutica.",diretriz_sbc_angina_instavel_filtrado.txt,STTC,alto,3
Recomenda-se uma infusão IV lenta para evitar hipotensão arterial e bradicardia.258 6.2.,diretriz_sbc_angina_instavel_filtrado.txt,STTC,alto,0
Diretrizes da Sociedade Brasileira de Cardiologia sobre Angina Instável e Infarto Agudo do Miocárdio sem Supradesnível do Segmento ST – 2021 vs.,diretriz_sbc_angina_instavel_filtrado.txt,STTC,alto,0
"I B Uso de enoxaparina preferencialmente à HNF, a não ser que cirurgia de revascularização miocárdica esteja planejada para as próximas 24h.",diretriz_sbc_angina_instavel_filtrado.txt,STTC,alto,2
"A utilização do gravador de loop por 30 dias (com detecção automática de FA) foi superior ao Holter para a detecção de FA com duração > 30 segundos (16,1% contra 3,2%;",diretriz_sbc_fibrilacao_atrial_filtrado.txt,CD,alto,0
"A iniciativa da Sociedade Europeia de Cardiologia para a mudança da nomenclatura do escore, abolindo o sexo feminino do sistema de pontuação, reside no fato de ser um fator modificador de risco, além de excluir um grupo grande de pacientes com identidade não binária, transgêneros ou em uso de terapia hormonal.",diretriz_sbc_fibrilacao_atrial_filtrado.txt,CD,alto,1
"Pacientes com escore zero, o risco é considerado baixo (1,3% ao ano), e a terapia anticoagulante deve ser individualizada de acordo com o perfil de risco, sangramento e preferência do paciente.",diretriz_sbc_fibrilacao_atrial_filtrado.txt,CD,alto,3
"A forma de apresentação e a carga da FA têm demonstrado implicações como fator de risco adicionais para eventos TE, com maior risco em pacientes com FA persistente e com carga maior de FA.139 Outros escores como o ABC-AF-stroke/bleeding (age, biomarkers and clinical history)140 e o Atria (Anticoagulation and Risk Factors in Atrial Fibrillation)141 incluem o uso de biomarcadores (peptídeo natriurético pró-tipo B N-terminal, troponina-T cardíaca e fator de diferenciação de crescimento 15) e presença de disfunção renal, respectivamente.",diretriz_sbc_fibrilacao_atrial_filtrado.txt,CD,alto,2
"Já o Garfield-AF Risk Tool baseia-se em um modelo de predição de risco gerado por computador (machine learning) que prevê mortalidade por todas as causas, AVCi e hemorrágico e embolia sistêmica em pacientes com FA.142 Apesar de esses escores discriminarem bem os pacientes com baixo e alto risco de AVC e sangramento, a praticidade e o custo adicional ainda restringem seu uso na prática clínica.",diretriz_sbc_fibrilacao_atrial_filtrado.txt,CD,alto,3
"Em uma revisão sistemática com 38 estudos, o escore HAS-BLED apresentou melhor evidência na predição de risco de sangramento (Tabela 6).143 Valores ≥ 3 indicam alto risco, mas não constituem contraindicação à terapia anticoagulante.",diretriz_sbc_fibrilacao_atrial_filtrado.txt,CD,alto,3
"Nesses, o melhor controle da HAS, evitar o uso concomitante de anti-inflamatórios ou álcool e substituir a varfarina por um ACOD são condutas sugeridas para mitigar o risco.134,144 O escore ORBIT, que considera fatores como idade avançada, baixos valores de hemoglobina, antecedente Tabela 5 – Escore de CHA2DS2-VA CHA2DS2-VA Pontuação Congestive heart failure/left ventricular dysfunction (insuficiência cardíaca congestiva/ disfunção ventricular esquerda) 1 Hypertension (hipertensão arterial) 1 Age ≥ 75 yrs (idade ≥ 75 anos) 2 Diabetes mellitus (diabetes melito) 1 Stroke/transient ischaemic attack/ Thrombo-embolism (histórico de AVC/AIT/embolia sistêmica) 2 Vascular disease (prior myocardial infarction, peripheral artery disease or aortic plaque) (doença vascular) 1 Age 65–74 yrs (idade) 1 AVC: acidente vascular cerebral;",diretriz_sbc_fibrilacao_atrial_filtrado.txt,CD,alto,4
"Diretriz Brasileira de Fibrilação Atrial - 2025 Tabela 6 – Escore HAS-BLED para avaliação de risco de sangramento Risco HAS-BLED Pontuação Hypertension (hipertensão arterial) – PAS >160 mmHg 1 Abnormal renal or liver function (alteração da função renal ou hepática) Clearance de creatinina ≤ 50 mL/min ou creatinina ≥ 2,26 mg/dL ou hemodiálise ou transplante renal;",diretriz_sbc_fibrilacao_atrial_filtrado.txt,CD,alto,3
"Por outro lado, outras formas de doença valvar, como insuficiência ou estenose aórtica, insuficiência mitral, biopróteses ou plastia valvar, foram incluídas nos estudos pivotais com ACOD, e uma revisão sistemática com esses pacientes demonstrou a eficácia e segurança no uso dessas medicações.156 A função renal constitui fator relevante na decisão sobre qual estratégia de anticoagulação utilizar.",diretriz_sbc_fibrilacao_atrial_filtrado.txt,CD,alto,3
Pacientes com insuficiência renal facilmente preenchem critérios para anticoagulação;,diretriz_sbc_fibrilacao_atrial_filtrado.txt,CD,alto,1
"As evidências do uso de anticoagulação na insuficiência renal estágio 4 (taxa de filtração glomerular [TFG] de 15 a 29 mL/min/1,73 m2) são em grande parte embasadas em estudos observacionais.",diretriz_sbc_fibrilacao_atrial_filtrado.txt,CD,alto,1
"Diretriz Brasileira de Fibrilação Atrial - 2025 Quadro 5 – Recomendações para prevenção de fenômenos tromboembólicos na fibrilação atrial (FA) não valvar Recomendação para prevenção de fenômenos tromboembólicos na fibrilação atrial não valvar Classe de recomendação Nivel de evidência O escore CHA2DS2-VA deve ser empregado em todos os pacientes I A Em pacientes com escore CHA2DS2-VA ≥ 2, é recomendada a terapia antitrombótica I A Pacientes de baixo risco, com CHA2DS2-VA = 0, não têm indicação para terapia antitrombótica I A Em pacientes com escore CHA2DS2-VA = 1, a terapia antitrombótica pode ser instituída, levando-se em consideração o benefício clínico, o risco de sangramento, a forma de apresentação da FA e a preferência do paciente IIa B Anticoagulação oral é recomendada para todos os pacientes com FA e miocardipatia hipertrófica, amiloidose cardíaca e hipertireoidismo a despeito do escore CHA2DS2-VA, para a prevenção dos eventos embólicos I B A reavaliação periódica do risco tromboembólico e de sangramento é recomendada nos pacientes com FA I B Para avaliação do risco de sangramento, o escore HAS-BLED pode ser considerado para auxiliar na identificação dos fatores modificáveis em pacientes de alto risco IIa B Em pacientes elegíveis a terapia antitrombótica, os ACOD são preferíveis aos AVK, exceto em pacientes com válvula cardíaca mecânica ou estenose mitral moderada a grave I A Para pacientes em uso de AVK, o RNI deve ter como alvo 2,0-3,0 e deve permanecer mais que 70% do tempo em faixa terapêutica I B Terapia com antiagregantes plaquetários isolados ou em combinação não é recomendada para prevenção de fenômenos tromboembólicos em pacientes com FA III A A estimativa do risco de sangramento, na ausência de contraindicações absolutas, não deve guiar a decisão da terapia antitrombótica III A A anticoagulação oral em pacientes com FA subclínica pode ser considerada com edoxabana ou apixabina, levando-se em consideração risco, benefício e preferência do paciente IIa B AVK: antagonistas da vitamina K;",diretriz_sbc_fibrilacao_atrial_filtrado.txt,CD,alto,6
"Uma vez que apresentou menor taxa de sangramento em relação à varfarina e com eficácia semelhante, recomenda-se usá-la em pacientes com risco aumentado de sangramento.",diretriz_sbc_fibrilacao_atrial_filtrado.txt,CD,alto,3
"No estudo IMPACT AF (Clinical Trial to Improve Treatment With Blood Thinners in Patients With Atrial Fibrillation), uma intervenção personalizada, multifacetada e multinível envolvendo a educação de pacientes com FA e seus provedores, com acompanhamento regular, resultou em aumento significativo na proporção de pacientes tratados com anticoagulação (12% no grupo intervenção contra 3% no grupo-controle, p = 0,0002).",diretriz_sbc_fibrilacao_atrial_filtrado.txt,CD,alto,2
Tabela 9 – Fatores necessários para o acompanhamento do paciente em uso de anticoagulante Intervalo Comentário Adesão Toda visita Educação médica Considerar preferência 1x ou 2x dia Tromboembolismo Toda visita Avaliação clínica e de imagem quando necessário Sangramento Toda visita Eventos adversos Toda visita Avaliar criteriosamente a relação com ACOD: troca da medicação ou interrupção temporária.,diretriz_sbc_fibrilacao_atrial_filtrado.txt,CD,alto,3
"Laboratório Utilizar fórmula* Se ClCr < 60 mg/kg/24 h 4 meses > 75 anos ou fragilidade Anual Se nenhuma das condições acima Fatores modificáveis de sangramento Toda visita Hipertensão não controlada (> 160 mmHg), uso de aspirina e anti-inflamatórios não hormonais;",diretriz_sbc_fibrilacao_atrial_filtrado.txt,CD,alto,1
A segurança do uso deste medicamento foi demonstrada em diversos estudos incluindo pacientes idosos e com insuficiência renal.,diretriz_sbc_fibrilacao_atrial_filtrado.txt,CD,alto,0
"Eventos TE ocorreram em 6,3 a 7,4% dos pacientes.165 O andexanete é uma proteína recombinante inativa que se liga aos inibidores do fator X ativado (rivaroxabana, apixabana e edoxabana), revertendo o efeito anticoagulante.",diretriz_sbc_fibrilacao_atrial_filtrado.txt,CD,alto,1
"Por fim, o ciraparantag, ainda não oficialmente aprovado, é uma droga sintética que inibe diretamente os inibidores diretos do fator Xa e a enoxaparina por meio de ligações de hidrogênio não covalentes, removendo essas drogas de seu local-alvo com reversão dos efeitos anticoagulantes.167 A administração de plasma fresco congelado pode ser realizada, mas, como medida de suplementação de fatores de coagulação, apresenta concentrações muito inferiores às observadas nos concentrados de complexos protrombínicos.",diretriz_sbc_fibrilacao_atrial_filtrado.txt,CD,alto,1
"Já pacientes com FA de etiologia valvar (estenose mitral grave ou prótese valvar mecânica) ou evento embólico prévio apresentam risco Tabela 10 – Indicações para o uso de antídotos em pacientes em uso de anticoagulantes de ação direta (ACOD) Sangramento com risco de morte: sistema nervoso central, hemorragia incontrolável Sangramento em cavidade ou órgão críticos: intraespinal, intraocular, pericárdico, retroperitoneal, intramuscular com síndrome compartimental Sangramento maior apesar de medidas de hemostasia local ou risco de sangramento recorrente Cirurgia ou intervenção de emergência em pacientes com alto risco de sangramento: neurocirurgia, punção lombar, cirurgia cardíaca, vascular e hepática Tabela 11 – Antídotos utilizados para os anticoagulantes de ação direta (ACOD) Antídoto Alvo Descrição Estudo principal Critério de inclusão Resultados principais Idarucizumabe Dabigatrana Fragmento de anticorpo monoclonal RE-VERSE AD165 Hemorragia incontrolável (GI ou SNC) Cirurgia urgente Sangramento cessou em média 2,5 h Reversão completa da dabigatrana em 97,5% dos pacientes Andexanete Inibidor direto do fator Xa Molécula recombinante derivada do fator Xa humano ANNEXA-4171 Sangramento maior (trato GI e SNC, 18 h após ACOD) Hemostasia efetiva em 12 h em 82% dos pacientes Redução de 92% da atividade da apixabana e rivaroxabana Ciraparantag* Inibidor direto do fator Xa Molécula sintética, reverte inibidores diretos orais do fator Xa Ansell et al.167 Medicamento em investigação Reversão total da ação anticoagulante em até 30 min *Não provado para uso na prática clínica.",diretriz_sbc_fibrilacao_atrial_filtrado.txt,CD,alto,5
"Diretriz Brasileira de Fibrilação Atrial - 2025 elevado, devendo sempre ser tratados com a mesma estratégia para duração superior a 24 horas.179 Essa abordagem também se aplica aos pacientes com escore maior ou igual a 2 em homens e maior ou igual a 3 em mulheres cuja FA tenha duração entre 12 e 24 horas.179 A anticoagulação oral deve ser continuada por, pelo menos, 4 semanas após a cardioversão em todos os pacientes independentemente da sua duração e perfil de risco.179 Após esse período, a manutenção da anticoagulação oral depende do risco tromboembólico: CHA2DS2-VA ≥ 2 Quadro 6 – Recomendações para o manejo de sangramento ativo em pacientes em uso de anticoagulantes de ação direta (ACOD) Recomendações para o manejo de sangramento ativo em pacientes em uso de ACOD Classe de recomendação Nível de evidência Interromper o uso do ACO até identificação e tratamento do sangramento leve, moderado ou grave I C Realizar intervenções diagnósticas para identificação do sítio de sangramento em pacientes sem causa identificada I C Uso de idarucizumab em pacientes com sangramento grave e risco de morte secundário ao uso de dabigatrana IIa B Uso de andexanet em pacientes com sangramento grave e risco de morte secundário ao uso de anticoagulanetes inibidores fator Xa IIa B Uso de carvão ativado e lavagem gástrica nas primeiras 4 h após o uso do ACOD em paciente com sangramento moderado ou grave IIa C Concentrado de complexo protrombínico na vigência de sangramento moderado ou grave sem resposta ao antídoto IIa C Uso de plasma fresco congelado ou concetrado de plaquetas em pacientes com sangramento moderado sem disponibilidade de outras terapias IIa C Uso de carvão ativado em casos de hemorragia digestiva III C Tabela 12 – Estudos clínicos com o uso dos ACOD para cardioversão de FA X-VeRT ENSURE-AF EMANATE Anticoagulante Rivaroxabana Edoxabana Apixabana Número de pacientes 1.504 2.199 1.500 Desenho do estudo Randomizado Randomizado Randomizado Duração de FA ≥ 48 h ≥ 48 h < 48 h e ≥ 48 h Comparador AVK AVK/heparina de baixo peso molecular AVK/heparina Estratégia ETE + rivaroxabana por pelo menos 4 horas antes da CVE ETE + edoxabana por pelo menos 2 horas antes da CVE Apixabana por pelo menos 2 horas antes da CVE ou após 5 doses Anticoagulação após CVE 42 dias 28 dias 30 dias Desfecho eficácia Composto por AVC, AIT, embolia sistêmica, infarto ou morte cardiovascular Composto por AVC, AIT, embolia sistêmica, infarto ou morte cardiovascular AVC, embolia sistêmica, mortalidade Resultado ACOD & AVK 5 (0,5%) vs.",diretriz_sbc_fibrilacao_atrial_filtrado.txt,CD,alto,7
"Anticoagulação Oral em Pacientes com Doenças Cardíacas Valvares em Válvulas Nativas Apesar de os grandes estudos pivotais em anticoagulação excluírem portadores de estenose mitral moderada a grave e prótese mecânica, muitos pacientes com doença cardíaca valvar estavam contemplados.",diretriz_sbc_fibrilacao_atrial_filtrado.txt,CD,alto,2
O estudo planejava a inclusão de 405 pacientes portadores de próteses valvares mecânicas nas posições aórtica ou mitral.,diretriz_sbc_fibrilacao_atrial_filtrado.txt,CD,alto,1
"Não houve diferença significativa entre os grupos em relação às taxas de sangramento.197 Diante disso, estabelece-se que pacientes portadores de próteses mecânicas devem ser anticoagulados com a varfarina.",diretriz_sbc_fibrilacao_atrial_filtrado.txt,CD,alto,3
"O uso do ACOD é uma contraindicação relativa à trombólise, devendo esses pacientes ser triados preferencialmente à estratégia de angioplastia primária.198 A via de acesso radial deve ser priorizada dado o menor risco de sangramento, assim como deve-se evitar o uso de inibidores da P2Y12 mais potentes, como prasugrel e ticagrelor.198,199 Pacientes com SCA com supradesnível do segmento ST, assim como SCA sem supradesnível do segmento ST de alto risco, devem receber dose adicional de anticoagulante parenteral (por exemplo, heparina não fracionada 60 UI/kg ou enoxaparina 0,5 mg/kg), independentemente da última dose do ACO.200 Em casos de SCA sem supradesnível do segmento ST e sem critérios para intervenção coronária percutânea de emergência, recomenda-se a suspensão do ACOD (até RNI < 2 se uso de varfarina, por 24 h se ACOD e TFG > 30 mL/ min e por 36 h se ACOD e TFG < 30 mL/min) associada à anticoagulação parenteral até o momento do procedimento.201 As recomendações para o uso de anticoagulantes na fase aguda da SCA estão no Quadro 9.",diretriz_sbc_fibrilacao_atrial_filtrado.txt,CD,alto,6
Estima-se que cerca de 10 a 15% dos pacientes portadores de FA são submetidos a angioplastia em algum momento da vida.,diretriz_sbc_fibrilacao_atrial_filtrado.txt,CD,alto,0
"Logo, a combinação entre as duas classes de medicamentos impõe um dilema: proteção contra eventos cardiovasculares e aumento demasiado no risco de sangramento.202 Nesse cenário, cinco ensaios clínicos randomizados (quatro com o uso de ACOD e um com o uso de varfarina) avaliaram o uso de tripla terapia com ácido acetilsalicílico (AAS), inibidor da P2Y12 (majoritariamente clopidogrel), anticoagulante contra dupla terapia com inibidor da P2Y12 (majoritariamente clopidogrel) e anticoagulante em pacientes portadores de FA com SCA recente ou pósangioplastia eletiva (Tabela 13).203-207 A despeito de algum grau de heterogeneidade, todos de maneira geral demonstraram redução nas taxas de sangramento com a dupla terapia sem aumento de eventos isquêmicos.",diretriz_sbc_fibrilacao_atrial_filtrado.txt,CD,alto,5
"Placebo in Patients With Atrial Fibrillation and Acute Coronary Syndrome and/or Percutaneous Coronary Intervention), o tratamento com ACOD na terapia dupla (sem AAS) apresentou melhor perfil de segurança, com redução de até 78% nas taxas de sangramento relevante comparado com estratégia tripla (AAS mais clopidogrel mais varfarina).",diretriz_sbc_fibrilacao_atrial_filtrado.txt,CD,alto,4
"Além disso, a terapia com apixabana reduziu o risco de morte e hospitalização.209 Finalmente, o estudo ENTRUST (Edoxaban Treatment Versus Vitamin K Antagonist in Patients With Atrial Fibrillation Undergoing Percutaneous Coronary Intervention) mostrou não inferioridade da terapia dupla com edoxabana (60 mg 1 x/ dia) + um inibidor de P2Y12 comparado com a terapia tripla clássica (AVK + dupla antiagregação plaquetária) quanto ao desfecho composto de sangramento maior ou clinicamente relevante não maior em 12 meses e sem diferenças em desfechos trombóticos.207 Recomenda-se a tripla terapia com a escolha do clopidogrel como inibidor da P2Y12 e preferencialmente com o uso de ACOD nos primeiros 7 dias, seguida por dupla terapia antiagregante com clopidogrel por 1 ano em pacientes com SCA prévia e por 6 meses pósangioplastia eletiva.",diretriz_sbc_fibrilacao_atrial_filtrado.txt,CD,alto,4
"Quadro 9 – Recomendações para uso de anticoagulantes na fase aguda da síndrome coronariana aguda (SCA) Recomendações para o uso de anticoagulantes na fase aguda da SCA Classe de recomendação Nível de evidência Pacientes anticoagulados devem ser encaminhados preferencialmente à estratégia de angioplastia primária IIa C Pacientes com SCA com supradesnivelamento do segmento ST e anticoagulação oral devem receber dose usual de anticoagulação parenteral IIa C Pacientes com SCA sem supradesnivelamento do segmento ST e sem critérios de alto risco devem ter seu anticoagulante oral suspenso e transição realizada para anticoagulante parenteral IIa C Quadro 8 – Recomendações para anticoagulação de pacientes com doença cardíaca valvar e fibrilação atrial elegíveis para anticoagulação Recomendações para anticoagulação de pacientes com doença cardíaca valvar e fibrilação atrial elegíveis para anticoagulação Classe de recomendação Nível de evidência Em pacientes com próteses valvares mecânicas, a varfarina é o fármaco de escolha.",diretriz_sbc_fibrilacao_atrial_filtrado.txt,CD,alto,6
"I A Em pacientes com estenose aórtica, regurgitação aórtica e regurgitação mitral, os ACOD são recomendados preferencialmente à varfarina.",diretriz_sbc_fibrilacao_atrial_filtrado.txt,CD,alto,2
"Recomenda-se o uso de inibidores da bomba de prótons em todos os pacientes submetidos à dupla terapia antitrombótica, salvo contraindicações.212,213 Da mesma maneira, é fortemente recomendado um posicionamento ativo por parte do médico em relação aos fatores de risco de sangramento modificáveis, com um adequado controle pressórico, incentivo à diminuição do consumo de álcool e otimização da função renal.214 As recomendações quanto à anticoagulação associada ao uso de antiagregante plaquetário estão representadas no Quadro 10.",diretriz_sbc_fibrilacao_atrial_filtrado.txt,CD,alto,3
"**Edoxabana 30 mg/d se algum dos seguintes presente: clearance de creatinina 15-50 mL/min, peso < 60 kg ou uso concomitante de inibidores da glicoproteína-P.",diretriz_sbc_fibrilacao_atrial_filtrado.txt,CD,alto,0
"Na prática clínica, o termo anticoagulação ininterrupta usualmente se refere a descrição de regimes, nos quais até uma ou duas doses de ACOD podem ser omitidas pré-ablação.",diretriz_sbc_fibrilacao_atrial_filtrado.txt,CD,alto,3
"Pacientes em uso de ACOD devem suspender o fármaco por pelo menos 48 horas antes do procedimento, porém suspensões por períodos mais prolongados, como 7296 horas, podem ser consideradas em pacientes com risco de acúmulo do fármaco, como idosos e portadores de doença renal crônica.221 Já o AVK deve ser suspenso cerca de 5 dias antes do procedimento, e considera-se segura a realização da cirurgia cardíaca quando INR < 1,5.222 De forma geral, como na maioria das situações, a ponte com heparina não é recomendada de rotina para pacientes anticoagulados em condição de cirurgia eletiva.221 A Tabela 14 resume o tempo recomendado de suspensão do anticoagulante de acordo com a função renal.",diretriz_sbc_fibrilacao_atrial_filtrado.txt,CD,alto,3
"Anticoagulação na Fibrilação Atrial Subclínica A FA subclínica é caracterizada por episódios assintomáticos de curta duração, geralmente inferior a 24 horas, normalmente detectados por dispositivos cardíacos implantáveis.223 Essa forma de FA pode estar presente em até um terço dos pacientes com dispositivos implantáveis como marca-passos e cardiodesfibrilador implantável (CDI).",diretriz_sbc_fibrilacao_atrial_filtrado.txt,CD,alto,2
B A * Alto Risco Trombótico • Tratamento de lesão de tronco • Angioplastia em bifurcações > 60 mm de malha stent • Hipoexpansão de stent coronariano • Tratamento de oclusão crônica • Trombose de stent prévia em adequado sistema antiplaquetário • SCACSSST • Diabete descompensado • Doença renal crônica Anticoagulante* *Preferencialmente ACOD.,diretriz_sbc_fibrilacao_atrial_filtrado.txt,CD,alto,3
1 semana 1 mês 6 meses 1 ano Anticoagulante* Inibidores P2Y12** AAS SCA 1 semana 1 mês 6 meses 1 ano Anticoagulante* Inibidores P2Y12** AAS Angioplastia Eletiva 44 Arq Bras Cardiol.,diretriz_sbc_fibrilacao_atrial_filtrado.txt,CD,alto,1
"Adaptado de Hindricks et al.17 Não modificáveis - Quadro A Idade > 65 anos Antecedente de sangramento maior Insuficiência renal grave (em diálise ou transplantado renal) Insuficiência hepática grave (cirrose) Doença maligna Fatores genéticos (por exemplo, polimorfismos CYP 2C9) AVC prévio, doença de pequenos vasos etc.",diretriz_sbc_fibrilacao_atrial_filtrado.txt,CD,alto,2
"Diabetes melito Deficiência cognitiva/demência Potencialmente modificáveis - Quadro B Fragilidade extrema ± risco excessivo de quedas Anemia Redução do número ou função plaquetária Insuficiência renal com ClCr < 60 mL/min Estratégia de manejo de antagonistas da vitamina K Modificáveis - Quadro C Hipertensão/pressão sistólica elevada Uso concomitante de antiplaquetário/anti-inflamatórios não hormonais Ingestão excessiva de álcool Não adesão aos ACOD Diversões/ocupações perigosas Terapia de “ponte” com heparina Controle de RNI (alvo: 2,0-3,0) TTR > 70% Escolha apropriada e dose correta do ACOD Biomarcadores - Quadro D GDF-15 Cistatina C/CKD-EPI cTnT-hs Fator von Willebrand (+ outros marcadores de coagulação) AVC: acidente vascular cerebral;",diretriz_sbc_fibrilacao_atrial_filtrado.txt,CD,alto,3
"Fármacos Utilizados no Controle do Ritmo Os medicamentos antiarrítmicos estão divididos em quatro classes distintas, de acordo com a classificação proposta por Vaughan-Williams.261 A classe I é composta pelos bloqueadores Tabela 17 – Sugestões para o uso de anticoagulantes orais de ação direta (ACOD) de acordo com diferentes situações clínicas em pacientes com FA Situação clínica Anticoagulante oral sugerido Idoso Apixabana ou edoxabana Múltiplas comorbidades Apixabana ou edoxabana Alto risco de AVCi com baixo risco de sangramento Dabigatrana Alto risco de sangramento Apixabana ou edoxabana Alto risco de sangramento gastrointestinal Apixabana Disfunção renal Apixabana ou edoxabana Estenose mitral moderada/ grave ou prótese valvar mecânica Varfarina Bioprótese valvar Rivaroxabana Síndrome coronariana aguda Apixabana + clopidogrel (ticagrelor pode ser considerado.",diretriz_sbc_fibrilacao_atrial_filtrado.txt,CD,alto,7
"Diretriz Brasileira de Fibrilação Atrial - 2025 dos canais de sódio, a classe II é composta pelos betabloqueadores, a III, pelos bloqueadores dos canais de potássio e a classe IV, pelos bloqueadores dos canais de cálcio não diidropiridínicos.",diretriz_sbc_fibrilacao_atrial_filtrado.txt,CD,alto,1
Propafenona A propafenona é um bloqueador dos canais rápidos de sódio (classe IC de Vaughan-Williams).,diretriz_sbc_fibrilacao_atrial_filtrado.txt,CD,alto,0
"O efeito adverso mais preocupante com o uso da propafenona, principalmente quando utilizada em dose alta, inclusive na estratégia “pillin-the-pocket”, é o flutter tipo IC, pois pode estar associada a condução AV 1:1 e alta resposta ventricular, podendo muitas vezes ser mal tolerados.264 Queixas relativamente comuns incluem sensação de gosto metálico e sintomas neurológicos como tontura, cefaleia, insônia, visão turva e pesadelos.",diretriz_sbc_fibrilacao_atrial_filtrado.txt,CD,alto,0
Pacientes com antecedentes de broncoespasmo podem ter exacerbação das crises devido ao seu efeito betabloqueador.,diretriz_sbc_fibrilacao_atrial_filtrado.txt,CD,alto,0
"Por outro lado, a afinidade por determinados tecidos, como o hepático e o pulmonar, podem ser responsáveis por sua toxicidade relacionada a esses órgãos.266 A amiodarona é a droga mais eficaz no controle do ritmo, chegando a ser duas vezes mais efetiva que a propafenona e o sotalol na prevenção da recorrência dos episódios.267 A grande vantagem da amiodarona é poder ser utilizada nos pacientes com cardiopatia estrutural e disfunção sistólica do VE, tanto para a manutenção do RS quanto no controle de FC – neste último, em situações excepcionais após a utilização de betabloqueadores e digital.",diretriz_sbc_fibrilacao_atrial_filtrado.txt,CD,alto,0
"A porção d (dextrógira) apresenta propriedades antiarrítmicas de classe III (bloqueio dos canais de potássio), e a porção l (levógira) tem efeito betabloqueador predominante.",diretriz_sbc_fibrilacao_atrial_filtrado.txt,CD,alto,0
"Os efeitos adversos extracardíacos são comuns aos demais betabloqueadores, sendo esse fármaco geralmente bem tolerado quando utilizado em doses usuais.",diretriz_sbc_fibrilacao_atrial_filtrado.txt,CD,alto,0
"Betabloqueadores Os betabloqueadores, antiarrítmicos de classe II na classificação de Vaughan-Williams, são os agentes preferenciais utilizados para o controle de FC, tanto na fase aguda como no acompanhamento ambulatorial.",diretriz_sbc_fibrilacao_atrial_filtrado.txt,CD,alto,0
"O bloqueio β2 adrenérgico promove broncoespasmo, efeito limitante em indivíduos com hiperreatividade brônquica como os asmáticos e portadores de DPOC.",diretriz_sbc_fibrilacao_atrial_filtrado.txt,CD,alto,0
"Na FA persistente/permanente, os betabloqueadores são os agentes mais amplamente utilizados para reduzir a resposta ventricular.272 Apesar da sua reconhecida eficácia no controle da FC, seu impacto na redução de mortalidade e hospitalizações e na melhora na QV dos pacientes vem sendo motivo de grande discussão nos últimos anos.",diretriz_sbc_fibrilacao_atrial_filtrado.txt,CD,alto,0
"Os benefícios dos betabloqueadores são mais pronunciados nos pacientes com IC e após IAM, principalmente em relação a menor incidência de FA.273 Contudo, a esperada redução na mortalidade não é observada naqueles pacientes que já desenvolveram a arritmia.274 Evidências mais consistentes são necessárias no sentido de comprovar a superioridade de alguma classe específica de medicamentos na estratégia de controle da FC na FA.",diretriz_sbc_fibrilacao_atrial_filtrado.txt,CD,alto,0
"Entre os efeitos adversos mais relatados, além do broncoespasmo já descrito, estão fadiga, tontura, insônia, pesadelos e disfunção erétil.",diretriz_sbc_fibrilacao_atrial_filtrado.txt,CD,alto,0
"Bloqueadores do Cálcio Os bloqueadores dos canais de cálcio não diidropiridínicos, como o verapamil e o diltiazem, têm efeitos farmacológicos semelhantes aos betabloqueadores, diminuindo o automatismo sinusal e a condução AV.",diretriz_sbc_fibrilacao_atrial_filtrado.txt,CD,alto,0
"São eficazes no controle da FC em pacientes com FA,275 podendo ser utilizados como agente de primeira linha ou como alternativa aos betabloqueadores, principalmente nos pacientes que apresentam contraindicação ou efeitos adversos relacionados a esses últimos.",diretriz_sbc_fibrilacao_atrial_filtrado.txt,CD,alto,0
"Digoxina A recomendação atual do uso da digoxina deve ser restrita a pacientes cujo controle de FC permaneça inadequado, já em uso de betabloqueadores ou bloqueadores de cálcio ou com intolerância a esses fármacos.276 O uso da digoxina em pacientes com doença renal avançada deve ser evitado.",diretriz_sbc_fibrilacao_atrial_filtrado.txt,CD,alto,0
Escolha entre Controle do Ritmo ou Controle da Frequência Cardíaca O tratamento antiarrítmico da FA deve ter como objetivo o controle dos sintomas e a prevenção de complicações cardiovasculares.,diretriz_sbc_fibrilacao_atrial_filtrado.txt,CD,alto,0
"A manutenção da contração atrial e da estrutura atrial normal, do sincronismo AV, da resposta fisiológica da FC diante das diferentes demandas, da regularidade do intervalo RR, entre outros são fatores que estão relacionados a menor trombogenicidade, à diminuição de sintomas e à preservação da função sistólica do VE, diminuindo o risco de eventos que impactam no prognóstico.",diretriz_sbc_fibrilacao_atrial_filtrado.txt,CD,alto,2
"O estudo EAST AFNET 4 (Early Therapy of Atrial Fibrillation for Stroke Prevention Trial) apresentou menor mortalidade, menor incidência de eventos TE e hospitalização em pacientes em que se objetivava o controle do ritmo.279 Esses dados foram confirmados por metanálise publicada em 2023, onde foi demonstrada confirmando uma redução superior a 20% em desfechos de mortalidade, incidência de AVCi e hospitalização por IC.280 O controle do ritmo deve ser uma estratégia prioritária em pacientes com maior chance de manutenção de RS (idade < 65 anos, com remodelamento atrial discreto a moderado).",diretriz_sbc_fibrilacao_atrial_filtrado.txt,CD,alto,2
"Da mesma forma, o controle do ritmo é preferencial 52 Arq Bras Cardiol.",diretriz_sbc_fibrilacao_atrial_filtrado.txt,CD,alto,0
"Diretriz Brasileira de Fibrilação Atrial - 2025 em situações com relevante impacto na redução da morbimortalidade a médio e longo prazos, como: pacientes sintomáticos, com difícil controle da FC, taquicardiomiopatia, IC e nos pacientes com alto risco tromboembólico.",diretriz_sbc_fibrilacao_atrial_filtrado.txt,CD,alto,2
O controle da FC pode ser uma estratégia em situações de pacientes muito idosos ou assintomáticos com função ventricular normal.,diretriz_sbc_fibrilacao_atrial_filtrado.txt,CD,alto,0
Controle da Frequência O controle da frequência ventricular durante a FA é importante para evitar o desenvolvimento de taquicardiomiopatia ou sintomas em médio a longo prazo.,diretriz_sbc_fibrilacao_atrial_filtrado.txt,CD,alto,0
"Algumas condições, como tônus vagal aumentado e uso de Quadro 13 – Recomendações para controle do ritmo da frequência cardíaca (FC) no paciente com fibrilação atrial (FA) Recomendação Classe de recomendação Nível de Evidência O controle do ritmo está recomendado como estratégia de tratamento preferencial.",diretriz_sbc_fibrilacao_atrial_filtrado.txt,CD,alto,1
I A A estratégia de controle de FC pode ser utilizada em pacientes assintomáticos ou com baixa probabilidade de manutenção do ritmo sinusal.,diretriz_sbc_fibrilacao_atrial_filtrado.txt,CD,alto,0
"IIa A Tabela 18 – Aspectos práticos relacionados aos antiarrítmicos utilizados no tratamento da fibrilação atrial (FA) Fármaco Via de eliminação Posologia Reações adversas extracardíacas Principais interações medicamentosas Propafenona Hepática/renal 150 a 300 mg (2-3x/d) Broncoespasmo, tontura, turvação visual, gosto metálico, cefaleia, insônia Varfarina, dabigatrana, edoxabana, cetoconazol, fluoxetina, paroxetina Amiodarona Hepática 100 a 400 mg (1x/d) Hipotireoidismo, hipertiroidismo, fibrose pulmonar, neuropatia, fotossensibilidade, hepatotoxicidade Digoxina, diltiazem, verapamil, varfarina, dabigatrana, edoxabana, fenitoína, ciclosporina, estatinas, sildenafila, antidepressivos tricíclicos Betabloqueadores Atenolol Hepática/renal 25 a 100 mg (1-2x/d) Broncoespasmo, fadiga, tontura, insônia, pesadelos, extremidades frias, náusea, constipação, disfunção erétil, ganho de peso, hiperglicemia, atenuação dos sinais de hipoglicemia Amiodarona, fluoxetina, paroxetina, digoxina, clonidina, fenobarbital, AINEs Metoprolol Hepática/renal 25 a 200 mg (1-2x/d) Propranolol Hepática/renal 40 a 240 mg (2-3x/d) Bisoprolol Hepática/renal 1,25 a 10 mg (1x/d) Carvedilol Hepática 3,125 a 50 mg (2x/d) Sotalol Renal 80 a 160 mg (2-3x/d) Bloqueadores de cálcio Verapamil Hepática/renal 80 a 160 mg (2-3x/d) Fadiga, tontura, constipação, cefaleia, náusea, edema em tornozelo, constipação, hiperplasia gengival (verapamil) Digoxina, ivabradina, colchicina, carbamazepina, fenitoína, fenobarbital, ciclosporina, estatinas, dabitrana, edoxabana Diltiazem Hepática/renal 30 a 120 mg (2-3x/d) Digoxina Renal 0,125 a 0,25 mg (1x/d) Vertigem, turvação visual, vômito, diarreia Alprazolam, ciclofosfamida, doxorrubicina, metotrexato, cetoconazol, betabloqueadores, amiodarona, verapamil, diltiazem AINES: anti-inflamatórios não esteroides.",diretriz_sbc_fibrilacao_atrial_filtrado.txt,CD,alto,2
"Para controle farmacológico da frequência ventricular, os fármacos mais usados são os antagonistas dos canais de cálcio (diltiazem, verapamil), betabloqueadores, digoxina e eventualmente amiodarona.",diretriz_sbc_fibrilacao_atrial_filtrado.txt,CD,alto,0
"O controle da FC deve objetivar FC em repouso abaixo de 80 bpm, porém o controle mais leniente da FC (FC em repouso abaixo de 110 bpm) em pacientes assintomáticos não foi associado a um aumento de eventos cardiovasculares.281 7.4.2.",diretriz_sbc_fibrilacao_atrial_filtrado.txt,CD,alto,0
"Em relação aos fármacos, os mais utilizados são os betabloqueadores, como metoprolol ou esmolol.",diretriz_sbc_fibrilacao_atrial_filtrado.txt,CD,alto,0
"Como existe a chance de ocorrer hipotensão arterial, o betabloqueador mais indicado é o esmolol, por sua meia-vida mais curta.",diretriz_sbc_fibrilacao_atrial_filtrado.txt,CD,alto,0
"Controle em Longo Prazo O controle crônico da FC é geralmente obtido com o uso de betabloqueadores ou antagonistas dos canais de cálcio, medicações que funcionam tanto em repouso como durante o esforço.",diretriz_sbc_fibrilacao_atrial_filtrado.txt,CD,alto,0
Os betabloqueadores podem ser usados em pacientes com função sistólica normal ou reduzida e são especialmente indicados em pacientes com cardiopatia isquêmica e em cargas adrenérgicas elevadas.,diretriz_sbc_fibrilacao_atrial_filtrado.txt,CD,alto,0
Geralmente é a opção preferencial em pacientes com doenças broncopulmonares e contraindicação aos betabloqueadores.,diretriz_sbc_fibrilacao_atrial_filtrado.txt,CD,alto,0
"Diretriz Brasileira de Fibrilação Atrial - 2025 A digoxina tem maior indicação em pacientes com disfunção ventricular sistólica, mas é realmente mais usada como terapia combinada aos betabloqueadores ou antagonistas dos canais de cálcio.",diretriz_sbc_fibrilacao_atrial_filtrado.txt,CD,alto,1
"A principal vantagem dessa estratégia é que, embora invasiva, é extremamente eficiente, simples e de baixo risco, levando a uma melhora nos sintomas, QV e capacidade ao exercício.17,292,293 Essa estratégia pode ser empregada em pacientes que já são portadores de DCEI implantados, seja por doença do nó sinusal, pacientes com ressincronização cardíaca ou pacientes portadores de CDI.294 Nos pacientes sem dispositivo cardíaco, o implate deve ser realizado anteriormente e, algumas semanas após, a ablação do nó AV pode ser realizada.",diretriz_sbc_fibrilacao_atrial_filtrado.txt,CD,alto,2
"Um ponto extremamente importante é que, nas primeiras semanas após a ablação do nó AV, os pacientes devem ser mantidos sob estimulação com frequência de 80-90 bpm,17 pois existem relatos de casos de taquicardia ventricular polimórfica espontânea após ablação do nó AV, e essa estratégia pode prevenir essa complicação.296,297 Em pacientes com ressincronização cardíaca e FA, a estratégia de ablação do nó AV a fim de garantir maior taxa de estimulação pode ser essencial em algumas situações.298,299 No estudo clínico CERTIFY (Cardiac Resynchronization Therapy in Atrial Fibrillation Patients Multinational Registry)300, a mortalidade total (6,8 contra 6,1 por 100 pessoas-ano) e cardíaca (4,2 contra 4,0) foi semelhante nos pacientes com terapia de ressincronização com FA e ablação do nó AV e os pacientes que estavam em ritmo sinusal.",diretriz_sbc_fibrilacao_atrial_filtrado.txt,CD,alto,2
"AV Node Ablation With Bi-Ventricular Pacing for Treatment of Atrial Fibrillation in Patients With Congestive Heart Failure) avaliou pacientes com IC (classes II e III da NYHA) e disfunção ventricular (FEVE igual ou menor a 40%), demonstrando melhora na FE, QV e teste de caminhada no grupo submetido a ablação de FA em comparação a ablação do nó AV com implante de marca-passo em um seguimento de 6 meses.304 Em um registro alemão com 4.444 pacientes submetidos a ablação de FA e 234 submetidos a ablação do nó AV, os pacientes submetidos a ablação do nó AV eram em média 10 anos mais velhos (71±10 contra 61±10 anos, p < 0,001), apresentavam mais comorbidades cardiovasculares (44% contra 7%, p < 0,001), e maior mortalidade em 1 ano de seguimento (9,8% contra 0,5%), porém em ambos os grupos houve melhora nos sintomas.",diretriz_sbc_fibrilacao_atrial_filtrado.txt,CD,alto,2
Cardioversão Elétrica A FA é assintomática ou causa sintomas leves na maioria dos pacientes.,diretriz_sbc_fibrilacao_atrial_filtrado.txt,CD,alto,0
Nível de evidência A ablação do nó AV está recomendada para pacientes com cardiodesfibrilador implantável com terapias inapropriadas por fibrilação atrial (FA) ou flutter atrial com alta resposta ventricular e que não são elegíveis para a ablação por cateter.,diretriz_sbc_fibrilacao_atrial_filtrado.txt,CD,alto,2
"I C A ablação do nó AV está recomendada para pacientes com terapia de ressincronização por estimulação biventricular, His ou ramo esquerdo que apresentem FA ou flutter atrial com baixa taxa de estimulação e que não são elegíveis para a ablação por cateter I B A ablação do nó AV deve ser considerada para o controle da FC em pacientes portadores de marca-passo definitivo que não responderam ou são intolerantes às estratégias de controle e ritmo ou da FC IIa B A ablação do nó AV deve ser considerada para o controle da FC em pacientes que não responderam ou são intolerantes a estratégia de controle do ritmo ou da FC e não são elegíveis a ablação por cateter de FA, aceitando-se que esses pacientes serão dependentes de marca-passo IIb B a cardioversão elétrica restaura o ritmo sinusal de forma mais rápida e efetiva do que os fármacos antiarrítmicos, reduzindo o tempo de hospitalização, porém necessita de jejum adequado e sedação.",diretriz_sbc_fibrilacao_atrial_filtrado.txt,CD,alto,2
"Um ensaio randomizado recente demonstrou que a aplicação de choques com energia máxima é mais eficaz do que o aumento escalonado da carga, podendo ser alternativa em casos refratários às doses habituais (200 J).",diretriz_sbc_fibrilacao_atrial_filtrado.txt,CD,alto,0
"Uso do Esquema “Pill-in-the-pocket” A FA paroxística é por definição autolimitada, entretanto, os esquemas pill-in-the-pocket têm sido utilizados para abreviar a duração da FA e reduzir as visitas ao prontosocorro, especialmente nos pacientes com crises sintomáticas e infrequentes.",diretriz_sbc_fibrilacao_atrial_filtrado.txt,CD,alto,0
"Uma vez definida a escolha por esse esquema, deve ser administrada uma dose de betabloqueador ou antagonista do cálcio anteriormente à DAA, visando evitar a ocorrência de FLA 1:1, o que pode acontecer em 3 a 7% dos casos.311 Sendo assim, deve ser sempre utilizada pela primeira vez em ambiente hospitalar para avaliação da segurança dessa estratégia.",diretriz_sbc_fibrilacao_atrial_filtrado.txt,CD,alto,0
As Figuras 17 e 18 demonstram as estratégias de controle do ritmo em pacientes com FA sintomática sem doença Figura 17 – Estratégias de controle do ritmo em pacientes com fibrilação atrial (FA) sintomática sem doença cardíaca estrutural.,diretriz_sbc_fibrilacao_atrial_filtrado.txt,CD,alto,1
Estratégia de Controle do Ritmo em Pacientes com FA Sintomática sem Doença Cardíaca Estrutural Droga Antirrítmica Ablação por Cateter Cirurgia Propafenona Primeira linha no paciente refratário ou intolerante a DAA Paciente submetido a cirurgia cardíaca por outras causas Sotalol Primeira linha no jovem com poucas comorbidades Primeira linha em todos os pacientes Amiodarona TOMADA DE DECISÃO COMPARTILHADA Tabela 21 – Dosagens dos fármacos utilizados na reversão da fibrilação atrial e manutenção do ritmo sinusal Fármaco Reversão Manutenção do ritmo Eventos adversos Amiodarona EV 150-300 mg diluída em SG 5% (infundir em 15-30 min) seguida de 900 mg nas 24 horas Ataque: 600 a 800 mg/dia em doses divididas até o total de 10 g.,diretriz_sbc_fibrilacao_atrial_filtrado.txt,CD,alto,2
"Manutenção 200-400 mg 1 vez ao dia Bradicardia, TdP, fotossensibilidade, Hipo/hipertiroidismo Toxicidade pulmonar, hepática, polineuropatia Propafenona 450-600 mg dose única oral ou EV 1,5 a 2,0 mg/kg em 10 a 20 min 150-300 mg 3 vezes ao dia Bradicardia, pró-arritmia, distúrbios gastrointestinais, cefaleia Sotalol Não indicado 80-160 mg 2 vezes ao dia Bradicardia, TdP, broncoespasmo EV: endovenoso;",diretriz_sbc_fibrilacao_atrial_filtrado.txt,CD,alto,0
"Características do Desfibrilador/Cardioversor Os desfibriladores/cardioversores podem ser classificados em: A) Manuais, cujo reconhecimento do ritmo cardíaco e administração do choque dependem do operador: • Semiautomáticos, também conhecidos como DEA, cujo reconhecimento do ritmo é realizado pelo dispositivo que informa se há recomendação para o choque elétrico, sendo a decisão da aplicação dependente de um operador.",diretriz_sbc_ressuscitacao_cardiopulmonar_filtrado.txt,CD,alto,0
"Amplamente empregados no cenário pré-hospitalar e hospitalar, na tentativa de propiciar a desfibrilação precoce.86-89 B) Externos e internos: • Externos, nos quais a corrente é aplicada pela superfície do tórax por meio de pás manuais, as quais o operador posiciona, exercendo pressão de aproximadamente 13 kg, com o cuidado de colocar gel na interface, visando diminuir a resistência à passagem da corrente elétrica.",diretriz_sbc_ressuscitacao_cardiopulmonar_filtrado.txt,CD,alto,0
"Quadro 2.5 – Orientação do Suporte Básico de Vida realizado por leigos Recomendação Classe de Recomendação Nível de Evidência Treinamento de indivíduos leigos em RCP e uso do DEA pode elevar substancialmente a probabilidade de um espectador realizar a RCP e aumentar a sobrevida de uma vítima que sofreu parada cardíaca I B O serviço médico de emergência deve orientar a realização de compressões torácicas contínuas para leigos que se depararem com vítima não responsiva sem respiração normal I B O leigo não treinado deve realizar compressões torácicas contínuas, ao invés de RCP convencional I C RCP: ressuscitação cardiopulmonar;",diretriz_sbc_ressuscitacao_cardiopulmonar_filtrado.txt,CD,alto,5
"Embora seja preferível, o uso de desfibriladores bifásicos não é mandatório, já que esses não mostraram benefício na redução de mortalidade após PCR.90-100 O local mais adequado para instalação é a posição anterolateral, na qual uma das pás é colocada na região Figura 2.15 – Suporte básico de vida para leigos.",diretriz_sbc_ressuscitacao_cardiopulmonar_filtrado.txt,CD,alto,1
113(3):449-663 infraclavicular direita e a outra na região precordial.,diretriz_sbc_ressuscitacao_cardiopulmonar_filtrado.txt,CD,alto,0
"Posições alternativas, como anteroposterior e laterolateral, podem ser utilizadas em situações especiais, como presença de marca-passo, no qual as pás devem ser obrigatoriamente posicionadas pelo menos 8 cm de distância do gerador (Quadro 3.1).86,101-104 3.2.1.",diretriz_sbc_ressuscitacao_cardiopulmonar_filtrado.txt,CD,alto,0
"A CVE está indicada para reversão das taquiarritmias com instabilidade hemodinâmica caracterizada pela presença de ao menos um destes quatro sinais: hipotensão e sinais de choque circulatório, dor torácica anginosa, dispneia associada à congestão pulmonar e rebaixamento do nível de consciência.",diretriz_sbc_ressuscitacao_cardiopulmonar_filtrado.txt,CD,alto,1
"Seleção do Nível de Energia Deve-se utilizar a máxima energia do aparelho – 360 J, no desfibrilador monofásico, e de 120 a 200 J, no desfibrilador bifásico, conforme orientação do fabricante.",diretriz_sbc_ressuscitacao_cardiopulmonar_filtrado.txt,CD,alto,1
"Se esta orientação é desconhecida, deve ser administrado choque de 200 J.",diretriz_sbc_ressuscitacao_cardiopulmonar_filtrado.txt,CD,alto,0
"Geralmente, pode-se iniciar com energias menores que aquelas definidas anteriormente para o desfibrilador monofásico (Figura 3.1).95,105-109 3.2.3.",diretriz_sbc_ressuscitacao_cardiopulmonar_filtrado.txt,CD,alto,0
"Sequência dos Choques Na situação de desfibrilação, recomenda-se um choque, intercalado por 2 minutos de RCP,95,109,110 visto que, mesmo após a reversão da FV, geralmente ocorre breve período de assistolia ou de AESP, além de esta estratégia propiciar a não interrupção da RCP.111 Quadro 3.1 – Recomendações para seleção do desfibrilador/cardioversor Recomendações Classe de Recomendação Nível de Evidência Os DEA devem ser empregados no ambiente pré-hospitalar I B A posição anterolateral é a mais adequada para colocação das pás I B Os DEA podem ser utilizados no ambiente hospitalar, principalmente em locais com pouca experiência na identificação de graves arritmias IIa C Os desfibriladores monofásicos podem ser utilizados quando não estiver disponível um desfibrilador bifásico IIa C Parece não haver diferenças entre a utilização das pás manuais e das pás adesivas nas taxas de sucesso de reversão das arritmias IIa B Posições alternativas podem ser utilizadas, principalmente em pacientes portadores de marca-passo ou cardioversor desfibrilador implantável IIa C DEA: desfibriladores externos automáticos.",diretriz_sbc_ressuscitacao_cardiopulmonar_filtrado.txt,CD,alto,4
"Quadro 3.2 – Indicações para desfibrilação/cardioversão Recomendações Classe de Recomendação Nível de Evidência A desfibrilação deverá ser utilizada no tratamento da FV, TV sem pulso e TV polimórfica sustentada I B A desfibrilação em ritmos chocáveis deve ser priorizada e não retardada frente a outras manobras na PCR I B A CVE deverá ser utilizada no tratamento das taquiarritmias associadas a sinais de instabilidade I B Hipotensão associada a sinais de choque e na presença de instabilidade I B A presença de dispneia, associada a congestão pulmonar, dor torácica anginosa ou rebaixamento do nível de consciência, indica instabilidade IIa C A CVE pode ser empregada para reversão de taquiarritmias estáveis refratárias ao tratamento farmacológico IIa C A CVE pode ser empregada para reversão de fibrilação atrial persistente quando for optado pela estratégia de controle do ritmo IIa B Tentativa de CVE na vigência de taquicardia sinusal e outras arritmias, nas quais a reentrada não é o mecanismo fisiopatológico III C FV: fibrilação ventricular;",diretriz_sbc_ressuscitacao_cardiopulmonar_filtrado.txt,CD,alto,3
"113(3):449-663 Na CVE, pode-se realizar o choque sequencial com um nível crescente de energia, lembrando sempre de sincronizar o cardioversor antes de cada procedimento.105 3.2.4.",diretriz_sbc_ressuscitacao_cardiopulmonar_filtrado.txt,CD,alto,1
"Na CVE, deve-se administrar um sedativo antes da administração do choque para minimizar o desconforto e a dor do procedimento (por exemplos: midazolam, fentanil, etomidato e propofol).",diretriz_sbc_ressuscitacao_cardiopulmonar_filtrado.txt,CD,alto,0
"Durante a CVE, deve-se: • Acionar o botão de sincronização antes da administração de cada choque.",diretriz_sbc_ressuscitacao_cardiopulmonar_filtrado.txt,CD,alto,0
"• Solicitar e verificar o afastamento do operador e socorristas, pois existe o risco de condução da corrente elétrica, podendo causar graves complicações.",diretriz_sbc_ressuscitacao_cardiopulmonar_filtrado.txt,CD,alto,0
"• Verificar a ausência de oxigênio em alto fluxo próximo ao desfibrilador, devido ao risco de formação de faíscas.",diretriz_sbc_ressuscitacao_cardiopulmonar_filtrado.txt,CD,alto,0
"• Aplicar o choque elétrico, mantendo as pás sobre o tórax por alguns segundos, principalmente durante a CVE, pois pode haver um pequeno atraso na administração do choque, devido à necessidade de adequada sincronização.86,105 3.3.",diretriz_sbc_ressuscitacao_cardiopulmonar_filtrado.txt,CD,alto,0
A principal indicação é em pacientes com bradicardia sintomática (Quadro 3.4).,diretriz_sbc_ressuscitacao_cardiopulmonar_filtrado.txt,CD,alto,0
"Quadro 3.3 – Recomendações para seleção da energia do desfibrilador/ cardioversor Recomendações Classe de Recomendação Nível de Evidência Realizar desfibrilação com a dose máxima recomendada pelo fabricante (120 a 200 J bifásica ou 360 J monofásica) I B Sempre realizar um ciclo de RCP (2 minutos) após cada procedimento de desfibrilação I B Sempre utilizar sedativos antes da CVE I C Sempre acionar o sincronismo antes da realização da CVE I B Utilizar energia máxima (200 J no desfibrilador bifásico se a dose inicial recomendada pelo fabricante for desconhecida e 360 J no desfibrilador monofásico) durante o procedimento de desfibrilação IIa C Utilizar a sequência de energia de 100 J, 200 J, 300 J e 360 J durante a CVE, utilizando-se do cardioversor monofásico IIa B O nível de energia não está padronizado para os cardioversores bifásicos, devendo-se utilizar níveis de energia inferiores (geralmente a metade) daqueles padronizados para o desfibrilador monofásico IIa C Realizar choques sucessivos se o paciente mantém o mesmo ritmo após a tentativa de CVE inicial IIb C A intubação orotraqueal é obrigatória antes da realização da desfibrilação ou CVE III C RCP: ressuscitação cardiopulmonar;",diretriz_sbc_ressuscitacao_cardiopulmonar_filtrado.txt,CD,alto,8
Figura 3.1 – Exemplo esquemático da liberação de energia nos desfibriladores/cardioversores monofásicos (A) e bifásicos (B).,diretriz_sbc_ressuscitacao_cardiopulmonar_filtrado.txt,CD,alto,0
"Quadro 3.4 – Situações de indicação de marca-passo transcutâneo Indicações Não indicado Bradicardia de alto grau (incluem bloqueios atrioventriculares de segundo grau Mobitz II e o de terceiro grau ou total) sintomática, com pulso Falência do tratamento da bradicardia sintomática com atropina Assistolia 472 Atualização Atualização da Diretriz de Ressuscitação Cardiopulmonar e Cuidados Cardiovasculares de Emergência da Sociedade Brasileira de Cardiologia – 2019 Arq Bras Cardiol.",diretriz_sbc_ressuscitacao_cardiopulmonar_filtrado.txt,CD,alto,2
"Ressuscitação Cardiopulmonar com CompressãoDescompressão Ativa Nesta técnica de Compressão-Descompressão Ativa (CDA), utiliza-se um equipamento que aplica, além da compressão, um mecanismo de descompressão por sucção, e a queda da pressão intratorácica durante a fase de descompressão aumenta o retorno venoso.158-161 Uma das vantagens é que um único ressuscitador é capaz de prover as manobras.",diretriz_sbc_ressuscitacao_cardiopulmonar_filtrado.txt,CD,alto,2
"Colete Pneumático Dispositivo semelhante a um grande manguito de pressão formando por uma prancha e uma faixa, que é colocada ao redor do tórax do paciente, ligado a um compressor que ciclicamente gera uma pressão circunferencial.",diretriz_sbc_ressuscitacao_cardiopulmonar_filtrado.txt,CD,alto,0
"Assistência Circulatória Composta por um oxigenador de membrana (Oxigenação por Membrana Extracorpórea − ECMO), a assistência circulatória envolve cenários em quem as medidas de Suporte Avançado de Vida falharam ou para facilitar intervenções específicas.187,188 Não existe ainda nenhum estudo randomizado comparando RCP extracorpórea vs.",diretriz_sbc_ressuscitacao_cardiopulmonar_filtrado.txt,CD,alto,1
o emprego de monitorização fisiológica pode otimizar a qualidade e serve como indicador de RCE.,diretriz_sbc_ressuscitacao_cardiopulmonar_filtrado.txt,CD,alto,0
"Seu uso é reservado para pacientes não responsivos ou com reflexo de vômito ausente, podendo ser inserida por profissionais treinados200 (Classe de Recomendação IIa;",diretriz_sbc_ressuscitacao_cardiopulmonar_filtrado.txt,CD,alto,1
"Quadro 5.1 – Orientações quanto ao manejo de via aérea durante a parada cardiorrespiratória Recomendações Classe de Recomendação Nível de Evidência Em pacientes em PCR sem via aérea avançada, manter ventilações com bolsa-válvula-máscara na frequência de 30 compressões para 2 ventilações IIa C, dados limitados Oxigênio a 100% durante as manobras de RCP IIa C Inserção de via aérea avançada não deve atrasar o início da RCP e a desfibrilação I C Se a inserção da via aérea avançada for causar interrupção nas compressões torácicas, o socorrista pode optar por atrasar esta inserção, até que haja falência de resposta às medidas de RCP e desfibrilação, ou até o RCE IIb C Tanto ventilação com bolsa-válvula-máscara quanto com via aérea avançada podem ser utilizadas para oxigenação e ventilação durante uma PCR IIb C, dados limitados Para profissionais de saúde treinados, tanto dispositivos supraglóticos quanto a intubação orotraqueal podem ser indicados como via aérea avançada IIb C, dados limitados Treinamento frequente é recomendado para socorristas que realizam intubação orotraqueal I B Para facilitar a ventilação com bolsa-válvula-máscara, a cânula orofaríngea pode ser utilizada em pacientes sem reflexo de tosse ou vômito, sendo inserida apenas por profissionais treinados em seu uso IIa C Para facilitar a ventilação com bolsa-válvula-máscara em paciente com fratura de base de crânio confirmada ou suspeita ou coagulopatia grave, preferir a cânula orofaríngea em detrimento da nasofaríngea IIa C O uso rotineiro da pressão cricoide durante a PCR não é recomendado III C Capnografia contínua com forma de onda é recomendada após avaliação clínica para confirmação e monitorização do posicionamento correto da intubação orotraqueal I C, dados limitados Se a capnografia contínua com forma de onda não está disponível, alternativas possíveis são detector de dióxido de carbono sem forma de onda, detector esofágico e ultrassonografia IIa C, dados limitados O tubo orotraqueal deve ser fixado com fita convencional, bandagem ou dispositivo comercial I C Após a instalação de uma via aérea avançada, proceder a ventilações a cada 6 segundos (10 ventilações/ minuto) enquanto compressões são realizadas de maneira contínua IIb C, dados limitados PCR: parada cardiorrespiratória;",diretriz_sbc_ressuscitacao_cardiopulmonar_filtrado.txt,CD,alto,7
Cânula nasofaríngea: pode ser indicada em pacientes despertos ou com reflexo de tosse presente.,diretriz_sbc_ressuscitacao_cardiopulmonar_filtrado.txt,CD,alto,0
"• Além da checagem clínica com ausculta, está indicada uma checagem secundária com outros dispositivos: capnografia com forma de onda – método preferencial (Classe de Recomendação I;",diretriz_sbc_ressuscitacao_cardiopulmonar_filtrado.txt,CD,alto,0
"Nível de Evidência C) métodos colorimétricos, detectores esofágicos, ultrassom traqueal.200 Métodos como a observação de névoa na cânula não devem ser utilizados, pela baixa fidedignidade.43,220-225 • O tubo orotraqueal de ser fixado com fixador comercial, bandagens ou cadarço200 (Classe de Recomendação I;",diretriz_sbc_ressuscitacao_cardiopulmonar_filtrado.txt,CD,alto,1
"Parâmetros Mecânicos Dispositivos como metrônomos visuais ou auditivos, ou até mais sofisticados, como monitores desfibriladores, que fornecem retorno da frequência, profundidade e pausa das compressões torácicas (em tempo real), favorecem a realização de correlação da qualidade da RCP com a sobrevida dos pacientes (Classe de Recomendação IIa;",diretriz_sbc_ressuscitacao_cardiopulmonar_filtrado.txt,CD,alto,3
"Nível de Evidência C).221-228 Estudos mais recentes têm pontuado a avaliação ultrassonográfica, realizada por operador treinado, como o único método de ser utilizado sem comprometer a execução da RCP de qualidade e, eventualmente, agregando informações que possam aumentar a chance de sobrevida228 (Quadro 5.2).",diretriz_sbc_ressuscitacao_cardiopulmonar_filtrado.txt,CD,alto,2
"Fibrilação Ventricular/Taquicardia Ventricular sem Pulso Quando a monitorização com desfibrilador manual revela ritmo de FV/TVSP, a prioridade deve ser a desfibrilação precoce, uma vez que aumenta o sucesso do prognóstico.",diretriz_sbc_ressuscitacao_cardiopulmonar_filtrado.txt,CD,alto,0
"Um socorrista carrega o desfibrilador, e outro reinicia as compressões torácicas, até o dispositivo estar pronto para desfibrilar.",diretriz_sbc_ressuscitacao_cardiopulmonar_filtrado.txt,CD,alto,1
"Realiza-se prévio aviso para todos se afastarem e, imediatamente após o choque, as compressões torácicas devem ser reiniciadas, sendo mantidas continuamente por 2 minutos, ao fim dos quais todos devem se afastar do paciente para que o ritmo seja reavaliado.",diretriz_sbc_ressuscitacao_cardiopulmonar_filtrado.txt,CD,alto,2
"Estratégias de Desfibrilação No desfibrilador bifásico, a energia do choque deve ser entre 120 e 200 J, conforme as orientações do fabricante (Classe de Recomendação I;",diretriz_sbc_ressuscitacao_cardiopulmonar_filtrado.txt,CD,alto,0
"Se o socorrista desconhece as orientações do fabricante, o choque deve ser administrado com a energia máxima disponível no aparelho (Classe de Recomendação IIb;",diretriz_sbc_ressuscitacao_cardiopulmonar_filtrado.txt,CD,alto,1
Choques subsequentes devem ocorrer com energia equivalente ou superior (Classe de Recomendação IIb;,diretriz_sbc_ressuscitacao_cardiopulmonar_filtrado.txt,CD,alto,1
"Nível de Evidência B).200 Há duas possibilidades de posicionamento para as pás: anterolateral, em que as pás devem ser posicionadas na projeção do ápice cardíaco e abaixo da clavícula direita, ou anteroposterior.259 Não existe tamanho ideal, mas uma superfície maior gera menor resistência e maior corrente, associando-se à menor lesão miocárdica.260 Alguns estudos demonstram equivalência ou superioridade dos dispositivos de onda bifásica.260-264 Recomendam-se manter as compressões torácicas enquanto se prepara o desfibrilador para o choque (Classe de Recomendação I;",diretriz_sbc_ressuscitacao_cardiopulmonar_filtrado.txt,CD,alto,2
"Nível de Evidência B).265,266 Não há evidência suficiente para recomendar atrasar o primeiro choque para realização de RCP por 1,5 a 3 minutos (Classe de Recomendação IIb;",diretriz_sbc_ressuscitacao_cardiopulmonar_filtrado.txt,CD,alto,4
"Nível de Evidência B), devendo-se realizar a desfibrilação, assim que possível (Quadro 5.5).266-268 Quadro 5.2 – Orientação para a monitorização de manobras de ressuscitação cardiopulmonar no Suporte Avançado de Vida em adultos Recomendações Classe de Recomendação Nível de Evidência A utilização de dispositivos de feedback de RCP favorece a realização da RCP de alta qualidade e aumenta a sobrevida dos pacientes IIa B Valores de PETCO2 < 10 mmHg, indicam necessidade de melhora na qualidade da RCP IIa B Se houver aumento abrupto do PETCO2 (para 35 a 40 mmHg), é razoável considerar que houve RCE IIa B Valores de PETCO2 abaixo de 10 mmHg após 20 minutos de RCP referem-se a mau prognóstico e uma baixa probabilidade de RCE IIb B Quando disponíveis, os parâmetros fisiológicos devem ser considerados para monitorar e otimizar a RCP e detectar o RCE IIb C Se valores de pressão arterial diastólica < 20 mmHg, é razoável considerar melhorar a qualidade da RCP IIb C Checagem da pressão arterial invasiva pode reduzir o tempo de interrupção da RCP na checagem de pulso, em pacientes com atividade elétrica organizada IIb C A aferição contínua de saturação venosa central < 30% tem sido relacionada à impossibilidade de RCE IIb C A saturação venosa central pode auxiliar na detecção de retorno à RCE e na qualidade das compressões torácicas IIb C Coletar gasometria arterial durante a RCP tem valor incerto até o momento IIb C A ecocardiografia transtorácica ou transesofágica pode ser considerada para o diagnóstico e a tomada de decisão em situações como tamponamento cardíaco, dissecção de aorta e embolia pulmonar IIb C RCP: ressuscitação cardiopulmonar;",diretriz_sbc_ressuscitacao_cardiopulmonar_filtrado.txt,CD,alto,8
"113(3):449-663 Quadro 5.5 – Orientação para desfibrilação Recomendação Classe de Recomendação Nível de Evidência Choque bifásico seguindo as recomendações do fabricante I B Choque bifásico com carga máxima, se desconhecidas as orientações do fabricante IIb C Realizar RCP enquanto se prepara a desfibrilação I B Atrasar desfibrilação para realizar RCP por 2 minutos IIb B RCP: ressuscitação cardiopulmonar.",diretriz_sbc_ressuscitacao_cardiopulmonar_filtrado.txt,CD,alto,6
"Medicações para a Fibrilação Ventricular ou Taquicardia Ventricular sem Pulso Após o primeiro choque, procede-se à RCP por 2 minutos, seguida de checagem de ritmo no monitor.",diretriz_sbc_ressuscitacao_cardiopulmonar_filtrado.txt,CD,alto,2
"Se a FV/TV persistir, procede-se a novo choque de alta energia, seguido por RCP durante 2 minutos.",diretriz_sbc_ressuscitacao_cardiopulmonar_filtrado.txt,CD,alto,2
A administração precoce poderia otimizar o fluxo sanguíneo miocárdico antes do próximo choque.,diretriz_sbc_ressuscitacao_cardiopulmonar_filtrado.txt,CD,alto,0
"Embora o nível de evidência seja limitado, recomenda-se administração de adrenalina 1 mg a cada 3 a 5 minutos.269 A vasopressina não é mais indicada como droga vasopressora na PCR.270 Figura 5.8 – Algoritmo do tratamento da parada cardiorrespiratória em fibrilação ventricular/taquicardia ventricular (FV/TV) sem pulso.",diretriz_sbc_ressuscitacao_cardiopulmonar_filtrado.txt,CD,alto,3
"Nível de Evidência A) pode ser administrado com o objetivo de aumentar o fluxo sanguíneo cerebral e miocárdico.269 Recomenda-se em ritmos não chocáveis a administração precoce da adrenalina, de preferência no primeiro ciclo de RCP (Quadro 5.7).279 5.6.2.",diretriz_sbc_ressuscitacao_cardiopulmonar_filtrado.txt,CD,alto,2
"Uma pressão de perfusão coronariana ≥ 15 mmHg é preditiva do RCE.200,280 A) Adrenalina A adrenalina tem sido utilizada devido a seus efeitos pressores alfadrenérgicos possibilitando, por Quadro 5.6 – Orientação das medicações para fibrilação ventricular ou taquicardia ventricular sem pulso Recomendação Classe de Recomendação Nível de Evidência Vasopressor para PCR refratária à desfibrilação e RCP IIb A Amiodarona ou lidocaína para PCR refratária a desfibrilação, RCP e vasopressor IIb A PCR: parada cardiorrespiratória;",diretriz_sbc_ressuscitacao_cardiopulmonar_filtrado.txt,CD,alto,4
"A dose inicial deve ser de 300 mg por via intravenosa ou intraóssea e pode ser administrada uma dose adicional de 150 mg, intercalada com vasopressor.272,296-298 B) Lidocaína Evidências recentes mostraram que a lidocaína apresentou mesma taxa de sobrevida quando comparada à amiodarona em PCR extra-hospitalar.",diretriz_sbc_ressuscitacao_cardiopulmonar_filtrado.txt,CD,alto,2
"Nível de Evidência B).250,275,303 Quadro 5.8 – Orientação uso de drogas e manobras no Suporte Avançado de Vida em adultos Recomendações Classe de Recomendação Nível de Evidência É razoável que a adrenalina seja administrada assim que possível após o início da PCR em AESP/assistolia IIb C É razoável que a adrenalina seja administrada após o primeiro ciclo de RCP em FV/TVSP IIb C Em PCR, o uso de corticosteroides não mostrou benefício IIb C Amiodarona ou lidocaína devem ser considerada como antiarrítmico de primeira escolha para FV/TVSP que não responde a RCP, desfibrilação e vasopressor IIb B O uso de lidocaína pode ser considerado alternativa na PCR em FV/TVSP IIb B O soco precordial pode ser considerado na TV instável em pacientes monitorizados, quando um desfibrilador não está imediatamente pronto para uso IIb B O uso precoce de betabloqueadores pode ser considerado em pacientes pós-RCE por ritmos de FV/TVSP IIb B Atropina não é recomendada no tratamento da PCR IIb C Não existem benefícios com a administração rotineira de bicarbonato de sódio durante a PCR III B Não se recomenda o uso rotineiro de sulfato de magnésio na RCP III B A administração rotineira de cálcio, durante a PCR, não é recomendada III B Fibrinolíticos não devem ser administrados rotineiramente na PCR III B A colocação de marca-passo, durante a PCR, não é recomendada III B PCR: parada cardiorrespiratória;",diretriz_sbc_ressuscitacao_cardiopulmonar_filtrado.txt,CD,alto,4
"Não se observaram benefícios nas taxas de admissão hospitalar com seu uso nesta situação.200 E) Betabloqueadores Estudo observacional com uso de betabloqueadores via oral ou intravenosa após a PCR por FV/TVSP mostrou reduzir mortalidade 72 horas após e em 6 meses.304 No entanto, podem levar à piora hemodinâmica, exacerbar sinais de Insuficiência Cardíaca (IC) e causar arritmias.305 Dessa forma, existe apenas fraca evidência de que o uso de betabloqueadores pós-PCR deva ser utilizado de rotina.",diretriz_sbc_ressuscitacao_cardiopulmonar_filtrado.txt,CD,alto,1
O uso precoce de betabloqueadores pode ser considerado em pacientes recuperados de PCR em FV/TVSP (Classe de Recomendação IIb;,diretriz_sbc_ressuscitacao_cardiopulmonar_filtrado.txt,CD,alto,2
"Seu uso pode ser considerado, na dose de 0,5 a 1 g (gluconato de cálcio 10%, de 15 a 30 mL, ou cloreto de cálcio 10%, de 5 a 10 mL), nas seguintes condições de PCR: hiperpotassemia, hipocalcemia e intoxicação por agentes bloqueadores dos canais de cálcio.",diretriz_sbc_ressuscitacao_cardiopulmonar_filtrado.txt,CD,alto,2
"Nível de Evidência B).314,315 H) Soco Precordial O soco precordial pode ser considerado para finalização de TV instável em pacientes monitorizados, quando um desfibrilador não está imediatamente pronto para uso (Classe de Recomendação IIb;",diretriz_sbc_ressuscitacao_cardiopulmonar_filtrado.txt,CD,alto,2
"Após o RCE, durante a modulação terapêutica da temperatura, a presença de bradicardias associa-se a prognóstico favorável.324,325 Os pacientes devem ser monitorados e fornecer terapia imediata na presença de hipotensão, convulsões e outros sinais de choque relacionados à bradicardia (Figura 5.10 e Quadro 5.9).319 Os Bloqueios Atrioventriculares (BAV) podem ser divididos de acordo com a gravidade, a saber:200,319,326 BAV de primeiro grau;",diretriz_sbc_ressuscitacao_cardiopulmonar_filtrado.txt,CD,alto,0
A) Atropina Droga de escolha para bradicardia sintomática aguda na ausência de causas reversíveis (Classe de Recomendação IIa;,diretriz_sbc_ressuscitacao_cardiopulmonar_filtrado.txt,CD,alto,1
"Nível de Evidência B).327-329 O sulfato de atropina reverte as bradicardias mediadas por colinérgicos e deve ser considerada medida temporária, enquanto se aguarda a colocação de um MPTC, nos pacientes com BAV sintomático de alto grau.",diretriz_sbc_ressuscitacao_cardiopulmonar_filtrado.txt,CD,alto,1
"A atropina é útil para tratar a bradicardia sinusal sintomática e pode ser benéfica para qualquer tipo de BAV em nível nodal.200,319,329 A dose recomendada para a atropina na bradicardia é de 0,5 mg por via intravenosa a cada 3 a 5 minutos, com dose máxima total de 3 mg.",diretriz_sbc_ressuscitacao_cardiopulmonar_filtrado.txt,CD,alto,3
"A dose deve ser titulada de acordo com a resposta do paciente.6,138 A adrenalina pode ser usada em pacientes sintomáticos não responsivos à atropina, na indispinibilidade de marcapaaso ou caso este não ofereça debito adequado (Classe de Recomendação IIb;",diretriz_sbc_ressuscitacao_cardiopulmonar_filtrado.txt,CD,alto,2
"Dose inicial recomendada 2 a 10 mcg/minuto titulada de acordo com a resposta do paciente.200,328 C) Marca-passo transcutâneo Intervenção para o tratamento da bradicardia sintomática, na qual sua instalação deve ser imediata (Classe de Recomendação IIa;",diretriz_sbc_ressuscitacao_cardiopulmonar_filtrado.txt,CD,alto,3
Taquicardias Ritmo taquicárdico é aquele cuja frequência é superior a 100 bpm.,diretriz_sbc_ressuscitacao_cardiopulmonar_filtrado.txt,CD,alto,0
"O espectro de apresentação das taquicardias é amplo, de casos completamente assintomáticos, identificados durante investigação por outra queixa clínica, até eventos com instabilidade hemodinâmica significante, que podem ser fatais, caso nenhuma intervenção seja realizada.",diretriz_sbc_ressuscitacao_cardiopulmonar_filtrado.txt,CD,alto,0
"A menos que disfunção ventricular importante esteja presente, é consenso entre os especialistas que somente ritmos acima de 150 bpm causam sintomas de comprometimento hemodinâmico.",diretriz_sbc_ressuscitacao_cardiopulmonar_filtrado.txt,CD,alto,0
"Em indivíduos assintomáticos, uma ampla gama de taquiarritmias pode ser identificada e não necessitar de qualquer tratamento específico imediato, já que não determinam alterações clínicas.",diretriz_sbc_ressuscitacao_cardiopulmonar_filtrado.txt,CD,alto,0
"Nos pacientes sintomáticos, devem ser estabelecidos dois aspectos fundamentais.",diretriz_sbc_ressuscitacao_cardiopulmonar_filtrado.txt,CD,alto,0
O primeiro diz respeito à intensidade dos sintomas.,diretriz_sbc_ressuscitacao_cardiopulmonar_filtrado.txt,CD,alto,0
"Pacientes sintomáticos podem apresentar sintomas desconfortáveis, como palpitações, tontura e/ou dispneia leve, mas não apresentar qualquer sinal clínico de comprometimento hemodinâmico.",diretriz_sbc_ressuscitacao_cardiopulmonar_filtrado.txt,CD,alto,0
"Diversos sistemas manifestam sinais e sintomas como os listados a seguir, que são indicativos deste comprometimento hemodinâmico: alteração no nível de consciência;",diretriz_sbc_ressuscitacao_cardiopulmonar_filtrado.txt,CD,alto,1
hipotensão arterial sistêmica (Pressão Arterial Sistólica − PAS < 90 mmHg) ou choque circulatório com alteração da perfusão periférica;,diretriz_sbc_ressuscitacao_cardiopulmonar_filtrado.txt,CD,alto,0
O segundo aspecto fundamental é o estabelecimento de uma relação causal entre a presença da taquiarritmia e os sintomas.,diretriz_sbc_ressuscitacao_cardiopulmonar_filtrado.txt,CD,alto,0
"Por exemplo, em situações de hipovolemia secundária a uma hemorragia interna ou a um estado de choque séptico, pode ocorrer taquicardia sinusal reacional, a qual pode ser sintomática, mas cujo tratamento deve ser da causa primária.",diretriz_sbc_ressuscitacao_cardiopulmonar_filtrado.txt,CD,alto,0
"Em todas as situações, é mandatória uma história clínica breve, de modo a estabelecer a relação causa-efeito entre a taquiarritmia e os sintomas presentes.",diretriz_sbc_ressuscitacao_cardiopulmonar_filtrado.txt,CD,alto,0
"Pode-se, de um ponto de vista prático, classificar inicialmente as taquicardias em dois grupos, independente do diagnóstico eletrocardiográfico: instáveis e estáveis.",diretriz_sbc_ressuscitacao_cardiopulmonar_filtrado.txt,CD,alto,0
"113(3):449-663 As primeiras são aquelas que apresentam FC e são geralmente superiores a 150 bpm (caso não haja disfunção ventricular acentuada), com pelo menos um dos sinais ou sintomas de comprometimento hemodinâmico listados.",diretriz_sbc_ressuscitacao_cardiopulmonar_filtrado.txt,CD,alto,0
"113(3):449-663 A seguir, descreveremos a abordagem das taquicardias estáveis.",diretriz_sbc_ressuscitacao_cardiopulmonar_filtrado.txt,CD,alto,0
"Taquicardias com QRS Estreito (QRS < 120 Milissegundos) A) Tratamento inicial das taquicardias com QRS estreito As taquicardias de QRS estreito podem ser subdivididas, de acordo com o ILCOR,200,331 em irregulares como FA, flutter atrial e Taquicardia Atrial (TA) multifocal, ou regulares como Taquicardia por Reentrada Nodal (TRN), Taquicardia por Reentrada Atrioventricular (TRAV), flutter atrial e TA.",diretriz_sbc_ressuscitacao_cardiopulmonar_filtrado.txt,CD,alto,0
"Assim, temos as taquicardias em que o circuito da arritmia utiliza o nó atrioventricular (TRN, TRAV e taquicardia juncional) e as que não o utilizam (taquicardia sinusal, TA, TA multifocal, FA e flutter).",diretriz_sbc_ressuscitacao_cardiopulmonar_filtrado.txt,CD,alto,0
"B) Manobras vagais (manobra de Valsalva e massagem do seio carotídeo) As manobras vagais são efetivas no tratamento das taquicardias supraventriculares.336,337 Elas induzem a uma diminuição temporária da atividade do nó sinusal e da condução do nó atrioventricular, por estimular barorreceptores da aorta que, por sua vez, deflagram reflexo de aumento de reposta vagal e diminuição de resposta simpática.",diretriz_sbc_ressuscitacao_cardiopulmonar_filtrado.txt,CD,alto,0
"Para tanto, deve-se colocar o dorso da mão do paciente na boca, de modo a evitar a saída de ar, ocluir o nariz, colocar a mão do profissional de saúde no abdome, para criar resistência, e, em seguida, solicitar que o paciente faça o movimento de expiração contra esta resistência.338 A efetividade da manobra de Valsalva para cessação de Taquicardia Supraventricular (TSV) foi avaliada em revisão do grupo Cochrane em 2015, não sendo encontradas evidências definitivas a favor ou contra seu uso, com necessidade de mais estudos na área, bem como padronização de sua técnica.339 A MSC é realizada com o paciente em posição supina, com o pescoço hiperestendido.",diretriz_sbc_ressuscitacao_cardiopulmonar_filtrado.txt,CD,alto,0
"Porém podem ocorrer algumas complicações: hipotensão importante, bradicardia com BAV avançado e síncope, AVE, acidente isquêmico transitório e arritmias.",diretriz_sbc_ressuscitacao_cardiopulmonar_filtrado.txt,CD,alto,0
"Possui meia-vida de menos de 5 a 10 segundos, tendo efeito fugaz, porém efetivo no término da maioria das taquicardias de QRS estreito.335,341-343 Efeitos colaterais podem ocorrer em até 60% dos casos.",diretriz_sbc_ressuscitacao_cardiopulmonar_filtrado.txt,CD,alto,0
"Os principais efeitos colaterais da adenosina são:344 • Cardiovasculares: flush facial, palpitação, hipotensão e dor torácia.",diretriz_sbc_ressuscitacao_cardiopulmonar_filtrado.txt,CD,alto,0
"• Taquicardias: extrassístoles ventriculares, TV não sustentada, TV monomórfica e polimórfica (TdP).",diretriz_sbc_ressuscitacao_cardiopulmonar_filtrado.txt,CD,alto,0
"• Sistema nervoso central: cefaleia (8 a 25%), tonturas e vertigens (20%), parestesias e turvação visual.",diretriz_sbc_ressuscitacao_cardiopulmonar_filtrado.txt,CD,alto,0
"D) Diagnóstico diferencial das taquicardias de QRS estreito A MSC e a adenosina podem produzir quatro resultados em pacientes com taquicardia de QRS estreito (Figura 5.12): • Diminuição da atividade do nó sinusal, causando redução transitória da atividade atrial (pacientes com taquicardia Quadro 5.9 – Orientação para o tratamento farmacológico das bradicardias Recomendação Classe de Recomendação Nível de Evidência Atropina IIa B Marca-passo transcutâneo IIa B Adrenalina e dopamina IIb B 488 Atualização Atualização da Diretriz de Ressuscitação Cardiopulmonar e Cuidados Cardiovasculares de Emergência da Sociedade Brasileira de Cardiologia – 2019 Arq Bras Cardiol.",diretriz_sbc_ressuscitacao_cardiopulmonar_filtrado.txt,CD,alto,5
"• Término da taquicardia por interrupção do circuito de reentrada, nas taquicardias dependentes do nó atrioventricular (TRN e TRAV).",diretriz_sbc_ressuscitacao_cardiopulmonar_filtrado.txt,CD,alto,0
"Para o clínico emergencista, a conduta clínica independe do diagnóstico preciso, mas o registro eletrocardiográfico de 12 derivações obtido previamente Quadro 5.10 – Indicações, doses e efeitos colaterais (EC) dos fármacos com ação nas arritmias Medicação Quando Como EC Adenosina TSV estável (efeito diagnósitco) 6 mg, IV, em bólus rápido Caso não haja resposta, repetir 12 mg Cada dose deve ser seguida de 20 mL de solução salina EV rápido e elevado o membro por 10-20 segundos Rubor facial, tosse, dispneia, broncoespasmo Evitar em pacientes com asma Não é eficaz nos pacientes em uso de metilxantinas Se acesso central, realizar metade da dose Bloqueadores de canal de cálcio TSV estável com função ventricular preservada, para controle de frequência Verapamil – 2,5-5 mg IV lento.",diretriz_sbc_ressuscitacao_cardiopulmonar_filtrado.txt,CD,alto,1
"Pode-se repetir 0,35 mg/kg após 15 minutos da primeira dose Bradicardia Contraindicações: graus avançados de BAV, IC, choque cardiogênico, hipotensão arterial Betabloqueadores TSV estável com função ventricular preservada e DPOC compensada, para controle de frequência Metoprolol 5 mg IV lento até 15 mg Propranolol 1mg IV a cada 5 min até 5 mg Bradicardia Contraindicações: graus avançados de BAV, IC, choque cardiogênico, hipotensão arterial Pode precipitar/agravar broncoespasmo Amiodarona TSV, FA/ flutter para controle de frequência em disfunção ventricular/IC descompensada TV monomórfica estável FV/TVSP Dose de ataque (exceto PCR) 150 mg em 100 mL em 10-20 minutos, podendo ser repetido a cada 10-20 minutos Manutenção 1 mg/minuto nas primeiras 6 horas e 0,5 mg/ minuto nas 18 horas consecutivas Dose máxima diária: 2,2 g Dose na PCR: primeira dose 300 mg em bólus, segunda dose 150 mg em bólus Hipotensão arterial Bradicardia Diminui metabolismo da digoxina e da varfarina Efeito aditivo com outras medicações que prolongam QT Digital TSV, FA/flutter para controle de frequência Lanatosídeo C 0,8 a 1,6 mg em até 4 doses fracionadas Toxicidade: graus variados de BAV e bradicardia Interações medicamentosas: quinidina, antagonista do cálcio, amiodarona, espironolactona, eritromicina, tetraciclina Monitorar intervalo QT Procainamida TSV estável Reversão de FA e flutter Controle de FC no WPW Ataque 20 mg/minuto até resolução da arritmia, hipotensão, alargamento do QRS > 50% do basal ou dose máxima de 17 mg/kg Manutenção 1 a 4 mg/minuto Contraindicações: lúpus eritematoso sistêmico, QT longo e reação de hipersensibilidade a procaínas Proprafenona Reversão de FA flutter atrial Controlar FC e reversão de FA no WPW 450 a 600 mg VO Primeiro uso sempre intra-hospitalar Contraindicações: IC, doença do nó sinusal, bradicardia grave, BAV, DPOC, hipotensão, choque cardiogênico Sotalol TSV estável Controlar FC e reversão de FA no WPW 1 a 1,5 mg/kg EV lento a no máximo 10 mg/minuto Contraindicações: asma, bradicardia, BAV de grau avançado, síndrome do QT longo, choque cardiogênico, ICC Pacientes com hipocalemia ou hipomagnesemia –predisposição à TV polimórfica Lidocaína TV monomórfica estável FV/TVSP 1 a 1,5 mg/kg em bólus.",diretriz_sbc_ressuscitacao_cardiopulmonar_filtrado.txt,CD,alto,3
Dose máxima de 3 mg/kg Efeito pró-arrítmico descrito TSV: taquicardia supraventricular;,diretriz_sbc_ressuscitacao_cardiopulmonar_filtrado.txt,CD,alto,1
"A taquicardia de QRS estreito e regular mais frequente é a TRN, respondendo por mais de 50% dos casos.",diretriz_sbc_ressuscitacao_cardiopulmonar_filtrado.txt,CD,alto,0
"113(3):449-663 E) Drogas antiarrítmicas Caso após realização de manobras vagais e adenosina, não houver resolução da arritmia, procede-se à administração de outros bloqueadores do nó atrioventricular, como os bloqueadores de canal de cálcio não diidropiridínicos e betabloqueadores.",diretriz_sbc_ressuscitacao_cardiopulmonar_filtrado.txt,CD,alto,0
Verapamil e diltiazem mostraram-se efetivos em reversão para ritmo sinusal em diversos ensaios clínicos330 e permanecem como tratamento de primeira linha para o tratamento das taquicardias supraventriculares.,diretriz_sbc_ressuscitacao_cardiopulmonar_filtrado.txt,CD,alto,0
"Betabloqueadores, como nadolol, metoprolol ou esmolol, também, podem ser usados, porém poucos estudos clínicos randomizados embasam o efeito de reversão para ritmo sinusal.350-352 Recente estudo sugere probabilidade de reversão da TSV regular de 95% com uso de diltiazem 0,25 mg/kg, enquanto esta foi de 59,6% e 64,91% após as doses de 6 e 12 mg de adenosina, respectivamente.353 É importante ressaltar que as DAA têm potencial próarrítmico e causam hipotensão arterial e bradicardias após reversão de uma arritmia, quando vários antiarrítmicos são utilizados em sequência.",diretriz_sbc_ressuscitacao_cardiopulmonar_filtrado.txt,CD,alto,1
"Bloqueadores de canal de cálcio e betabloqueadores intravenosos devem ser evitados quando houver esta suspeita clínica (área cardíaca aumentada, edema de membros inferiores, hepatomegalia, turgência jugular a 45° e história clínica de IC).",diretriz_sbc_ressuscitacao_cardiopulmonar_filtrado.txt,CD,alto,0
Não há evidências consistentes de benefício do uso de magnésio nas taquicardias de QRS estreito.353-355 5.9.2.,diretriz_sbc_ressuscitacao_cardiopulmonar_filtrado.txt,CD,alto,0
"A) Início < 48 horas A CVE é a terapia de escolha para se restaurar o ritmo sinusal, tendo em vista o baixo risco de embolismo neste período (atenção com pacientes com eventos tromboembólicos prévios, portadores de valvopatia e IC).356 A terapia farmacológica também pode ser recomendada, mas não é a primeira escolha (reservar para casos em que a CVE e seu preparo – sedação – impõem risco alto para o paciente).",diretriz_sbc_ressuscitacao_cardiopulmonar_filtrado.txt,CD,alto,0
"A apresentação oral (“pílula de bolso”) também mostrou-se tão eficaz quanto à apresentação intravenosa.360-364 Figura 5.12 – Algoritmo para diagnóstico diferencial das taquicardias com QRS estreito, de acordo com a resposta à infusão de adenosina.",diretriz_sbc_ressuscitacao_cardiopulmonar_filtrado.txt,CD,alto,0
"Alguns estudos referiram a mesma eficácia que o placebo, e outros que a compararam com antiarrítmicos diversos demonstraram eficácia inferior.366 Outros estudos observaram eficácia, porém com reversão após mais de 8 horas.367 O vernakalant, nova droga bloqueadora de correntes de sódio e potássio, também não disponível no Brasil, mostrouse eficaz em alguns estudos clínicos na reversão da FA.368,369 O sotalol e a dronedarona não são recomendados para a cardioversão da FA.370 A digoxina está indicada apenas para o controle da resposta ventricular.",diretriz_sbc_ressuscitacao_cardiopulmonar_filtrado.txt,CD,alto,0
"Betabloqueadores e amiodarona também podem ser usados.370 Estudo comparando uso de metoprolol 0,15 mg/kg com diltiazem 0,25 mg/kg para pacientes com FA/flutter de alta resposta ventricular mostrou maior probabilidade de controle da FC com diltiazem, com menor risco de eventos adversos.",diretriz_sbc_ressuscitacao_cardiopulmonar_filtrado.txt,CD,alto,0
"Adenosina, betabloqueadores, bloqueadores de canal de cálcio e digoxina estão contraindicados pela ação predominante no nó atrioventricular.370-374 Se FA/flutter com mais de 48 horas de duração e estabilidade hemodinâmica, o especialista deve ser consultado.",diretriz_sbc_ressuscitacao_cardiopulmonar_filtrado.txt,CD,alto,0
"Taquicardia com QRS largo (QRS ≥ 120 Milissegundos) A taquicardia de QRS largo (≥ 120 milissegundos) representa sempre desafio clínico na sala de emergência, até mesmo para equipes mais experientes (Figura 5.13).",diretriz_sbc_ressuscitacao_cardiopulmonar_filtrado.txt,CD,alto,0
"Apesar de a maioria das taquicardias de QRS largo ser de origem ventricular (TV), uma série de arritmias pode se manifestar com este padrão morfológico (por exemplo: TSV com condução aberrante, taquicardia antidrômica – via acessória, taquicardia mediada por marca-passo, TSV com hipercalemia).",diretriz_sbc_ressuscitacao_cardiopulmonar_filtrado.txt,CD,alto,0
"Apesar da dificuldade em estabelecer o diagnóstico, é importante salientar que cerca de 80% das apresentações de taquicardia de QRS largo têm origem ventricular e, em pacientes com doença cardíaca estrutural, esse valor pode atingir 90%.380 É racional que a abordagem terapêutica seja direcionada para TV.",diretriz_sbc_ressuscitacao_cardiopulmonar_filtrado.txt,CD,alto,0
"A taquicardia de QRS largo deve ser interpretada como TV, se o diagnóstico ainda não estiver esclarecido (Classe de Recomendação I;",diretriz_sbc_ressuscitacao_cardiopulmonar_filtrado.txt,CD,alto,0
O comprometimento hemodinâmico pode estar presente em qualquer taquicardia de QRS largo.,diretriz_sbc_ressuscitacao_cardiopulmonar_filtrado.txt,CD,alto,0
"Em pacientes com taquicardia de QRS largo, instáveis hemodinamicamente, a CVE é a terapia de escolha.",diretriz_sbc_ressuscitacao_cardiopulmonar_filtrado.txt,CD,alto,0
"A CVE sincronizada deve ser realizada com choque de 100 a 200 J (monofásico) ou 100J (bifásico), com aumento gradativo da carga, conforme a necessidade.381,382 Em pacientes não responsivos ou com TVSP, o atendimento deve seguir o protocolo para PCR, de acordo com os algoritmos de PCR.",diretriz_sbc_ressuscitacao_cardiopulmonar_filtrado.txt,CD,alto,1
"Nesses casos, choque de alta energia não sincronizado, 360 J (monofásico) e 200 J (bifásico), deve ser aplicado.",diretriz_sbc_ressuscitacao_cardiopulmonar_filtrado.txt,CD,alto,0
"A) Taquicardia ventricular monomórfica em paciente estável A TV é definida como sequência de três ou mais batimentos acima de 100 bpm, que se origina abaixo do feixe de His, podendo surgir no sistema especializado de condução, no músculo ventricular ou na combinação de ambos.",diretriz_sbc_ressuscitacao_cardiopulmonar_filtrado.txt,CD,alto,0
"A superioridade desses ensaios, particularmente em pacientes com dor torácica de curta duração, foi demonstrada prospectivamente.",diretriz_sbc_ressuscitacao_cardiopulmonar_filtrado.txt,CD,alto,0
"Com dor torácica de 3 horas de duração, a sensibilidade para IAM chega a 100%.",diretriz_sbc_ressuscitacao_cardiopulmonar_filtrado.txt,CD,alto,0
"Entretanto, com o advento dessas troponinas de alta sensibilidade, a elevação destes biomarcadores tornou-se mais comum, com benefício da exclusão com segurança dos pacientes que apresentem este marcador ausente, mas observa-se elevação de casos falso-positivos.468 Devido à essa dificuldade de interpretação, recomendamse pelo menos duas medidas seriadas de troponina ultrassensível para a definição IAM, com intervalo de ao menos 7 horas, proporcionando ao método uma sensibilidade de 100% para o IAM.",diretriz_sbc_ressuscitacao_cardiopulmonar_filtrado.txt,CD,alto,0
Dor Torácica Aguda Medida na admissão Após 3 horas Após 6 horas (opcional) Troponina-US negativa Troponina-US positiva Troponina-US positiva acima de 50% do percentil 99% do teste Troponina-US positiva acima de 50% do percentil 99% do teste Troponina-US positiva acima de 20% do valor inicial do teste Troponina-US positiva acima de 20% do valor inicial do teste IAM 500 Atualização Atualização da Diretriz de Ressuscitação Cardiopulmonar e Cuidados Cardiovasculares de Emergência da Sociedade Brasileira de Cardiologia – 2019 Arq Bras Cardiol.,diretriz_sbc_ressuscitacao_cardiopulmonar_filtrado.txt,CD,alto,2
113(3):449-663 Quadro 7.2 – Recomendações para uso de eletrocardiografia e marcadores de necrose miocárdica na avaliação de pacientes com síndrome coronária aguda Indicação Classe de Recomendação Nível de Evidencia Eletrocardiograma de 12 derivações em menos de 10 minutos da chegada no hospital.,diretriz_sbc_ressuscitacao_cardiopulmonar_filtrado.txt,CD,alto,2
I C Coleta sanguínea para avaliação de marcadores de necrose miocárdica em pacientes com suspeita de síndrome coronária aguda I C estratificação de risco é fundamental para direcionar a conduta.,diretriz_sbc_ressuscitacao_cardiopulmonar_filtrado.txt,CD,alto,0
"Independentemente dessas classificações, pacientes com SCASST associada às seguintes condições são considerados de alto risco e devem ser encaminhados para angiografia coronariana imediata: choque cardiogênico;",diretriz_sbc_ressuscitacao_cardiopulmonar_filtrado.txt,CD,alto,0
"angina de repouso refratária, persistente ou recorrente, apesar da terapia médica adequada;",diretriz_sbc_ressuscitacao_cardiopulmonar_filtrado.txt,CD,alto,0
"Como base nesse escores prognósticos, pode ser adotada, nos pacientes de baixo risco, uma estratégia mais conservadora, que seria a utilização de um teste não invasivo provocativo de isquemia antes da alta hospitalar.",diretriz_sbc_ressuscitacao_cardiopulmonar_filtrado.txt,CD,alto,0
"Foram desenvolvidos dois modelos de estimativa de risco para mortalidade intra-hospitalar e em 6 meses.457,475 Oito fatores de risco independentes foram encontrados: idade, classificação de Killip, PAS, presença de infradesnivelamento do segmento ST, parada cardíaca durante a apresentação, creatinina sérica, presença de biomarcadores de necrose miocárdica elevados e FC.",diretriz_sbc_ressuscitacao_cardiopulmonar_filtrado.txt,CD,alto,0
"Seu benefício se restringe à melhora sintomática, não havendo evidência de benefício prognóstico.481 O uso deve ser evitado na vigência de hipotensão e após o uso de inibidores da fosfodiesterase (por exemplo: após 24 horas do uso de sildenafil ou 48 horas após tadalafil).",diretriz_sbc_ressuscitacao_cardiopulmonar_filtrado.txt,CD,alto,0
"Caso não haja melhora da dor, recomenda-se o uso de opioides com esta finalidade.",diretriz_sbc_ressuscitacao_cardiopulmonar_filtrado.txt,CD,alto,0
"Nível de Evidência B).484 Uso de nitratos para alívio de angina, principalmente nos hipertensos, apresentando angina refratária ou sintomas de IC.",diretriz_sbc_ressuscitacao_cardiopulmonar_filtrado.txt,CD,alto,1
Uso de morfina para alívio de dor em pacientes portadores de SCA com ou sem elevação de ST (Classe de Recomendação IIa;,diretriz_sbc_ressuscitacao_cardiopulmonar_filtrado.txt,CD,alto,1
"O uso associado de AAS e clopidogrel tem demonstrado benefício na redução de desfechos cardiovasculares, tanto no cenário das SCASST, como no contexto do IAMCST.487-489 Com base nessa evidência, devemos administrar clopidogrel em adição ao tratamento padrão para pacientes portadores de SCASST com moderado a alto risco e naqueles com IAMCST.",diretriz_sbc_ressuscitacao_cardiopulmonar_filtrado.txt,CD,alto,0
"Ticagrelor Bloqueador reversível do receptor P2Y12, agindo também na receptação da ADP via receptor Equilibrative Nucleoside Transporter 1 (ENT1).",diretriz_sbc_ressuscitacao_cardiopulmonar_filtrado.txt,CD,alto,0
Inibidores de glicoproteína IIb/IIIa Os Inibidores de Glicoproteína IIb/IIIa (IGPIIb/IIIa) bloqueiam a agregação plaquetária por impedirem a 502 Atualização Atualização da Diretriz de Ressuscitação Cardiopulmonar e Cuidados Cardiovasculares de Emergência da Sociedade Brasileira de Cardiologia – 2019 Arq Bras Cardiol.,diretriz_sbc_ressuscitacao_cardiopulmonar_filtrado.txt,CD,alto,3
"Em metanálise incluindo 29.570 pacientes de seis estudos randomizados com SCASST, observou-se redução de 9% no risco relativo de morte e IAM não fatal associado ao uso dessa classe, sendo o maior benefício entre aqueles com SCA de alto risco submetidos à intervenção percutânea.492 Vale ressaltar, no entanto, que grande parte desses estudos foi realizada sem uso rotineiro de dupla antiagregação com AAS e inibidor de P2Y12.",diretriz_sbc_ressuscitacao_cardiopulmonar_filtrado.txt,CD,alto,0
"• Ticagrelor (180 mg de ataque seguido por 90 mg duas vezes ao dia) em pacientes portadores de AI de risco moderado ou alto, além do IAMSST, independentemente da estratégia de tratamento posterior (clínico, cirúrgico ou percutâneo), por 12 meses (Classe de Recomendação I;",diretriz_sbc_ressuscitacao_cardiopulmonar_filtrado.txt,CD,alto,0
"• Prasugrel 60 mg de ataque seguido por 10 mg ao dia em portadores de AI de risco moderado ou alto, além do IAMSST, com anatomia coronária conhecida, submetidos à angioplastia e sem fatores de risco para sangramento (maior ou igual a 75 anos de idade;",diretriz_sbc_ressuscitacao_cardiopulmonar_filtrado.txt,CD,alto,0
"Estudos iniciais comparando heparina, AAS ou placebo em pacientes portadores de AI atestaram o benefício da heparina e do AAS sobre o placebo na incidência de IAM.493,494 Estudos posteriores também demonstraram benefícios na redução de eventos cardiovasculares em associação com AAS,495 no cenário do IAMCST496 e IAMSST.497 Esse benefício tem sido demonstrado no contexto do IAMCST a despeito da terapia de reperfusão: trombólise,498-500 ou angioplastia primária.501,502 Uma dose de ataque de 60 a 70UI/ kg (máximo de 5.000 UI) é recomendada, seguida de infusão contínua de 12 a 15 UI/kg/hora (máximo de 1.000 UI/hora) caso se deseje heparinização contínua.",diretriz_sbc_ressuscitacao_cardiopulmonar_filtrado.txt,CD,alto,1
"Inibidores do Sistema Renina-AngiotensinaAldosterona Inibidores do sistema renina-angiotensina-aldosterona orais reduzem mortalidade após o IAM, a despeito da terapia de reperfusão.",diretriz_sbc_ressuscitacao_cardiopulmonar_filtrado.txt,CD,alto,0
"Em pacientes intolerantes, devem ser utilizados os Bloqueadores dos Receptores da Angiotensina (BRA).",diretriz_sbc_ressuscitacao_cardiopulmonar_filtrado.txt,CD,alto,0
"Apesar de vários estudos terem demonstrado redução de mortalidade e remodelamento do Ventrículo Esquerdo (VE) com o uso de Inibidores da Enzima Conversora de Angiotensina (IECA) e BRA nos pacientes acometidos de IAM, nenhum avaliou especificamente seu uso no ambiente préhospitalar ou na chegada ao pronto-socorro.516,517 Em relação ao uso de antagonistas de aldosterona, o uso de eplerenone no cenário do IAM demonstrou redução de mortalidade em 30 dias naqueles com FEVE ≤ 40% e sintomáticos, bem como na população diabética.518 A introdução precoce em até uma semana associa-se a maior benefício.519,520 7.9.5.",diretriz_sbc_ressuscitacao_cardiopulmonar_filtrado.txt,CD,alto,0
Betabloqueadores A administração de bloqueadores beta-adrenérgicos no cenário das SCA é controversa.,diretriz_sbc_ressuscitacao_cardiopulmonar_filtrado.txt,CD,alto,0
"Vários estudos relatam que a administração precoce dos betabloqueadores estaria relacionada à redução da mortalidade521 e da área do infarto.522 Embora a administração precoce possa ajudar a prevenir taquiarritmias e reduzir a taxa de reinfarto, tem-se observado aumento concomitante da incidência de choque cardiogênico.522 Evidências recentes não indicam benefícios do uso precoce na mortalidade, redução do tamanho do infarto, prevenção de arritmias ou reinfarto, mas foi observada redução estatisticamente significativa a curto prazo, quando do uso venoso em pacientes de baixo risco (Killip 1).523 São consideradas contraindicações para seu uso: disfunção moderada a grave do VE, edema pulmonar, bradicardia (FC < 60 bpm), hipotensão (PAS < 100 mmHg), hipoperfusão periférica, BAV de segundo e terceiro graus e hiperreatividade das vias aéreas.",diretriz_sbc_ressuscitacao_cardiopulmonar_filtrado.txt,CD,alto,0
"Até o momento, não há evidência para apoiar a administração rotineira de betabloqueadores no cenário de APH.",diretriz_sbc_ressuscitacao_cardiopulmonar_filtrado.txt,CD,alto,0
"Porém a utilização desta terapia pode ser considerada razoável em situações específicas, como hipertensão grave ou na presença de taquiarritmias em pacientes sem contraindicações.",diretriz_sbc_ressuscitacao_cardiopulmonar_filtrado.txt,CD,alto,0
"Ensaio clínico randomizado duplo-cego recente avaliando o uso de metoprolol endovenoso ou placebo no cenário do IAMCST antes de angioplastia primária observou redução de arritmias malignas associadas ao uso do metroprolol, porém sem diferenças no porcentual de área infartada.524 Na ausência de contraindicações, devemos iniciar o uso de betabloqueadores por via oral nas primeiras 24 horas a todos os pacientes com suspeita de SCA (Classe de Recomendação I;",diretriz_sbc_ressuscitacao_cardiopulmonar_filtrado.txt,CD,alto,0
"• Uso de betabloqueadores orais em pacientes com IC ou fração de ejeção ≤ 40%, salvo contraindicações (Classe de Recomendação I;",diretriz_sbc_ressuscitacao_cardiopulmonar_filtrado.txt,CD,alto,0
• Uso de betabloqueadores orais em todos pacientes sem contraindicações (Classe de Recomendação IIa;,diretriz_sbc_ressuscitacao_cardiopulmonar_filtrado.txt,CD,alto,1
"• Uso de betabloqueadores venosos na sala de emergência na vigência de arritmias, angina ou hipertensão (Classe de Recomendação IIb;",diretriz_sbc_ressuscitacao_cardiopulmonar_filtrado.txt,CD,alto,1
• Uso de bloqueadores de aldosterona em pacientes pós-IAM portadores de disfunção de VE (FEVE ≤ 40%) na vigência de sintomas de IC ou diabetes (Classe de Recomendação I;,diretriz_sbc_ressuscitacao_cardiopulmonar_filtrado.txt,CD,alto,0
"Os estudos GISSI-1 e ISIS-2 demonstraram a superioridade da estreptoquinase em relação ao placebo, levando à redução na mortalidade de até 25% nas primeiras 5 semanas.485-537 Os principais efeitos colaterais da estreptoquinase são hipotensão arterial, reações alérgicas e sangramentos.",diretriz_sbc_ressuscitacao_cardiopulmonar_filtrado.txt,CD,alto,0
"O uso da TNK-tPA esteve associado a menor risco de hemorragia extracraniana e à necessidade de hemotransfusão.540 Indicações para o uso de fibrinolíticos A fibrinólise como estratégia de reperfusão está associada a menor mortalidade em relação ao placebo e, dessa forma, deve ser utilizada na fase aguda do IAM na presença dos seguintes critérios:541,542 • Dor sugestiva de isquemia miocárdica com duração menor que 12 horas.",diretriz_sbc_ressuscitacao_cardiopulmonar_filtrado.txt,CD,alto,0
"Quando não há reversão da bradicardia com o uso da adrenalina, pode-se repeti-la a cada 3 a 5 minutos (sempre por via endovenosa, na dose 0,03 mg/kg) e considerar o uso de expansores de volume, caso o paciente esteja pálido ou existam sinais de choque.",diretriz_sbc_ressuscitacao_cardiopulmonar_filtrado.txt,CD,alto,2
"Lembrar que doses elevadas de adrenalina (> 0,1 mg/kg) não devem ser empregadas em RN, pois levam à hipertensão arterial grave, diminuição da função miocárdica e piora do quadro neurológico;",diretriz_sbc_ressuscitacao_cardiopulmonar_filtrado.txt,CD,alto,1
Suporte Avançado de Vida em Insuficiência Cardíaca 14.1.,diretriz_sbc_ressuscitacao_cardiopulmonar_filtrado.txt,CD,alto,0
"Insuficiência Cardíaca Aguda É uma síndrome clínica de IC, que acomete pacientes sem diagnóstico prévio, desencadeada por situações clínicas Tabela 13.3 – Medicações para reanimação do recém-nascido na sala de parto Medicações Adrenalina endovenosa Adrenalina endotraqueal Expansor de volume Diluição 1:10.000 1 mL adrenalina 1:1.000 em 9 mL de SF 1:10.000 1 mL adrenalina 1:1.000 em 9 mL de SF SF Preparo 1 mL 5 mL 2 seringas de 20 mL Dose 0,1-0,3 mL/kg 0,5-1,0 mL/kg 10 mL/kg EV Peso ao nascer, kg 1 0,1-0,3 mL 0,5-1,0 mL 10 mL 2 0,2-0,6 mL 1,0-2,0 mL 20 mL 3 0,3-0,9 mL 1,5-3,0 mL 30 mL 4 0,4-1,2 mL 2,0-4,0 mL 40 mL Velocidade e precauções Infundir rápido na veia umbilical seguido por 0,5-1,0 mL de SF Infundir na cânula traqueal e ventilar.",diretriz_sbc_ressuscitacao_cardiopulmonar_filtrado.txt,CD,alto,1
"Sugere-se não aspirar a traqueia sob visualização direta logo após o nascimento IIb C Avaliação da FC Sugere-se o uso do monitor cardíaco com 3 eletrodos para a medida rápida e acurada da FC em RN a termo e pré-termo durante a reanimação IIb C Uso de oxigênio suplementar Recomenda-se não iniciar a reanimação do RN com altas concentrações de oxigênio (65% ou mais) III B VPP Sugere-se administrar a VPP em RN pré-termo com PEEP aproximado de 5 cmH2O IIb B VPP Sugere-se que a VPP seja aplicada com balão autoinflado, balão inflado por fluxo ou ventilador mecânico manual em T IIa B Máscara laríngea Recomendação de uso de máscara laríngea no RN ≥ 34 semanas quando a intubação traqueal no foi bem-sucedida ou não é factível I C CPAP Sugere-se o uso do CPAP por via não invasiva no RN pré-termo com respiração espontânea e desconforto respiratório IIb B RN: recém-nascido;",diretriz_sbc_ressuscitacao_cardiopulmonar_filtrado.txt,CD,alto,2
"Exacerbação Aguda da Insuficiência Cardíaca Crônica Situação clínica de piora progressiva ou abrupta dos sinais e sintomas de IC em repouso de pacientes já sabidamente portadores da síndrome e que, nesse contexto, necessitam de terapia adicional.",diretriz_sbc_ressuscitacao_cardiopulmonar_filtrado.txt,CD,alto,0
"O Suporte Avançado de Vida em Insuficiência Cardíaca (SAVIC) procura sistematizar tais condutas, propondo a sequência A-B-C-D-EFG-H, conforme apresentado no quadro 14.1 e na figura 14.1.",diretriz_sbc_ressuscitacao_cardiopulmonar_filtrado.txt,CD,alto,0
"A – Avaliação Clínica/Hemodinâmica A classificação do paciente em um dos quatro perfis clínico/ hemodinâmicos é realizada pela interpretação de sinais e sintomas característicos de congestão e má perfusão ou baixo débito (Figura 14.2).1091 Perfil A: quente e seco Engloba cerca de 9,6%1092 dos casos.",diretriz_sbc_ressuscitacao_cardiopulmonar_filtrado.txt,CD,alto,0
"Perfil B: quente e úmido Este é o perfil mais comum, ocorrendo em 67,4% dos casos que chegam à sala de emergência.5 Caracterizado pela presença de elevadas pressões de enchimento ventricular e clinicamente manifesto por queixas de ortopneia e dispneia paroxística noturna, além de achados ao exame físico, como estertores crepitantes, estase jugular, hepatomegalia, refluxo hepatojugular, ascite e edema de membros inferiores.",diretriz_sbc_ressuscitacao_cardiopulmonar_filtrado.txt,CD,alto,0
"Os diuréticos são medicações de primeira linha para melhora da congestão pulmonar e sistêmica, preferencialmente por via endovenosa, como os diuréticos de alça (por exemplo: furosemida), porém naqueles já em uso prévio e que apresentarem sinais de resistência, é possível associar o diurético tiazídico para potencializar o efeito (Tabela 14.2 e Figura 14.3).",diretriz_sbc_ressuscitacao_cardiopulmonar_filtrado.txt,CD,alto,0
"Neste perfil, os vasodilatadores são fundamentais para redução da congestão e para demanda miocárdica de oxigênio, ao promoverem redução na pré-carga e pós-carga.",diretriz_sbc_ressuscitacao_cardiopulmonar_filtrado.txt,CD,alto,0
"e extremidades frias.1093 Caso o paciente persista em baixo débito após terapia inicial com diurético, é escolhido o inotrópico para iniciar, a depender da PAS e do uso de betabloqueadores previamente, como demonstrado na figura 14.4 e no quadro 14.2, com suas respectivas doses na tabela 14.3.",diretriz_sbc_ressuscitacao_cardiopulmonar_filtrado.txt,CD,alto,1
"Outra opção para os que ainda permanecem com a pressão sistólica igual ou maior a 90 mmHg, é a utilização de vasodilatadores para melhora da pós-carga, sejam eles de forma oral, como o IECA, BRA e nitrato com hidralazina, ou de forma endovenosa, como nitroglicerina ou nitroprussiato.1088,1089 Tabela 14.1 – Causas de descompensação da insuficiência cardíaca (IC) segundo registro BREATHE1090 Causa da descompensação da IC % (n = 1.250) Má aderência medicamentosa 29,9 Infecção 22,7 Arritmia cardíaca 12,5 Aumento da ingesta de sódio e água.",diretriz_sbc_ressuscitacao_cardiopulmonar_filtrado.txt,CD,alto,0
"8,9 Doença valvar aguda 6,6 Embolia pulmonar 0,4 Outros 32,4 Quadro 14.1 – Abordagem mnemônica do Suporte Avançado de Vida em Insuficiência Cardíaca1092 A Avaliação clínica/hemodinâmica B Boa ventilaçãoo/respiraçãoo com oxigenaçãoo e ventilação adequadas C Circulação com reposiçãoo volêmica (avaliar necessidade) D Diuréticos (avaliar necessidade) E Eletrocardiograma (avaliar isquemia, arritmias e bloqueios) F Frequência cardíaca (controle de bradi ou taquiarritmias) G Garantir a não suspensão rotineira das medicações H Feparina (profilaxia de trombose venosa profunda e tromboembolismo pulmonar) 583 Atualização Atualização da Diretriz de Ressuscitação Cardiopulmonar e Cuidados Cardiovasculares de Emergência da Sociedade Brasileira de Cardiologia – 2019 Arq Bras Cardiol.",diretriz_sbc_ressuscitacao_cardiopulmonar_filtrado.txt,CD,alto,2
113(3):449-663 Figura 14.1 – Algoritmo para o manejo inicial da insuficiência cardíaca (IC) aguda.1092 CPAP: pressão positiva contínua nas vias aéreas;,diretriz_sbc_ressuscitacao_cardiopulmonar_filtrado.txt,CD,alto,0
"bólus Nos pacientes em que a perfusão ainda persista inadequada a despeito de inotrópicos e que não toleram os vasodilatadores, a noradrenalina ou a epinefrina devem ser associadas, e o uso de suporte mecânico deve ser considerado (choque cardiogênico refratário).",diretriz_sbc_ressuscitacao_cardiopulmonar_filtrado.txt,CD,alto,0
"Apresentam-se sintomáticos, mas com pouca evidência de congestão.",diretriz_sbc_ressuscitacao_cardiopulmonar_filtrado.txt,CD,alto,0
"113(3):449-663 Figura 14.2 – Avaliação clínica/hemodinâmica do Suporte Avançado de Vida em Insuficiência Cardíaca.1088,1089,1092 positiva, deve ser considerada em pacientes com congestão pulmonar de origem cardiogênica.",diretriz_sbc_ressuscitacao_cardiopulmonar_filtrado.txt,CD,alto,0
"C – Circulação e Reposição Volêmica Deve ser considerada a prova de volume, de forma cuidadosa e monitorada, nos casos em que não há evidências de congestão pulmonar ou sistêmica, como os pacientes com perfil L (Quadro 14.4).1088,1089 D – Diuréticos Diuréticos de alça administrados de forma endovenosa são de primeira escolha e, por consequência do seu efeito venodilatador nos primeiros minutos após infusão, ocorre o alívio sintomático, mesmo antes do efeito diurético.1088,1089,1095 Devem-se monitorizar de forma cuidadosa os níveis de potássio e de magnésio.",diretriz_sbc_ressuscitacao_cardiopulmonar_filtrado.txt,CD,alto,2
"Diuréticos tiazídicos (clortalidona, hidroclorotiazida e indapamida) agem principalmente no controle da HAS e como potencializadores dos diuréticos de alça.",diretriz_sbc_ressuscitacao_cardiopulmonar_filtrado.txt,CD,alto,0
Espironolactona é um diurético poupador de potássio e exerce seu efeito antagonizando o efeito mineralocorticoide da aldosterona.,diretriz_sbc_ressuscitacao_cardiopulmonar_filtrado.txt,CD,alto,0
"O flutter e a FA agudos são causas frequentes de descompensação nos pacientes com IC, com risco de ocorrência aumentado em 3,5 vezes em relação à população geral 1096 A incidência de arritmias ventriculares na IC é alta, caracterizando um grupo de elevado risco para morte Tabela 14.2 – Tipos de diuréticos e doses (inicial e máxima) na insuficiência cardíaca aguda1088,1089 Diuréticos Dose inicial (mg) Dose máxima (mg) De alça Furosemida 20 240 Bumetanida 0,5-2,0 10 Tiazídicos Hidroclorotiazida 25 100 Clortalidona 12,5 50 Indapamida 2,5 5 Poupadores de potássio Espironolactona 25 50 Amilorida 2,5 20 585 Atualização Atualização da Diretriz de Ressuscitação Cardiopulmonar e Cuidados Cardiovasculares de Emergência da Sociedade Brasileira de Cardiologia – 2019 Arq Bras Cardiol.",diretriz_sbc_ressuscitacao_cardiopulmonar_filtrado.txt,CD,alto,3
113(3):449-663 Figura 14.3 – Algoritmo para o perfil B (quente e úmido).1092 IECA: inibidores da enzima conversora de angiotensina;,diretriz_sbc_ressuscitacao_cardiopulmonar_filtrado.txt,CD,alto,0
"bólus súbita.1097,1098 Os distúrbios metabólicos e eletrolíticos devem ser investigados e corrigidos, e as DAA com propriedades inotrópicas negativas ou vasodilatadoras devem ser utilizadas com cautela.",diretriz_sbc_ressuscitacao_cardiopulmonar_filtrado.txt,CD,alto,0
"G – Garantir a não Suspensão Rotineira de Medicações Aspecto importante é a não suspensão dos betabloqueadores, devendo a dose ser ajustada e a suspensão somente ser realizada em casos de instabilidade hemodinâmica grave, BAV avançados ou efeito colateral comprovadamente relacionado ao medicamento (Quadro 14.5).",diretriz_sbc_ressuscitacao_cardiopulmonar_filtrado.txt,CD,alto,1
"Assim como os betabloqueadores, o IECA, ou BRA, e a espironolactona são as principais medicações que oferecem sobrevida aos pacientes com IC crônica, devendo ser mantidos, exceto se insuficiência renal em piora ou creatinina maior que 3 mg/dL ou hiperpotassemia maior que 5,5 meq/L.1099,1100 H – Heparina (Profilaxia de Trombose Venosa Profunda e Tromboembolismo Pulmonar) A TVP e o TEP contribuem significativamente para aumentar a morbimortalidade de pacientes com ICA.",diretriz_sbc_ressuscitacao_cardiopulmonar_filtrado.txt,CD,alto,0
"• Nitratos: classe de medicamentos de grande utilidade na fase aguda da IC, em associação aos vasodilatadores diretos, especialmente quando intolerantes ao IECA.",diretriz_sbc_ressuscitacao_cardiopulmonar_filtrado.txt,CD,alto,0
"Seu efeito é dado pela conversão em óxido nítrico e óxido de cianeto, tornandose potente vasodilatador, principalmente arterial, capaz de reduzir rapidamente a pós-carga, de forma titulável, permitindo-se atingir o efeito hemodinâmico desejado (Tabela 14.4).",diretriz_sbc_ressuscitacao_cardiopulmonar_filtrado.txt,CD,alto,0
"Quadro 14.2 – Recomendações do uso de inotrópicos em insuficiência cardíaca aguda1088,1089 Recomendação Classe de Recomendação Nível de Evidência Dobutamina para pacientes em choque cardiogênico, para suporte hemodinâmico, independentemente da etiologia da cardiomiopatia I B Levosimendana para pacientes com sinais de baixo débito, sem choque cardiogênico, em uso de betabloqueador IIa B Milrinone para pacientes com sinais de baixo débito, sem choque cardiogênico, com etiologia não isquêmica, em uso de betabloqueador IIa B Dobutamina e/ou milrinone para suporte hemodinâmico para pacientes em baixo débito e em fila de espera para transplante cardíaco em situação de prioridade IIa C Dobutamina, milrinone ou levosimendana para melhora dos sintomas de pacientes em baixo débito sem hipotensão arterial IIb B Associação de levosimendana na tentativa de retirada de dobutamina IIb C Dobutamina, milrinone ou levosimendana para pacientes sem sinais de baixo débito III B • Epinefrina ou norepinefrina: utilizadas para atingir estabilização hemodinâmica naqueles que evoluem com hipotensão importante, principalmente nos perfis C e L, a despeito do manejo inicial e de inotrópicos em dose adequada.",diretriz_sbc_ressuscitacao_cardiopulmonar_filtrado.txt,CD,alto,4
"Os vasopressores têm papel fundamental naqueles com maior grau de descompensação ou quando a causa desencadeante está associada à sepse.1091 • Inotrópicos: classificados pelo mecanismo de ação como agonistas beta-adrenérgicos (dobutamina e dopamina), inibidores da fosfodiesterase 3 (milrinona) e sensibilizadores da troponina C aos íons cálcio (levosimedana).",diretriz_sbc_ressuscitacao_cardiopulmonar_filtrado.txt,CD,alto,0
"Devemos lembrar que, em pacientes que utilizam betabloqueadores, a dose inicial deve ser mais 587 Atualização Atualização da Diretriz de Ressuscitação Cardiopulmonar e Cuidados Cardiovasculares de Emergência da Sociedade Brasileira de Cardiologia – 2019 Arq Bras Cardiol.",diretriz_sbc_ressuscitacao_cardiopulmonar_filtrado.txt,CD,alto,3
"113(3):449-663 Tabela 14.3 – Dose de inotrópicos endovenosos da insuficiência cardíaca aguda1088,1089,1092 Inotrópicos Dose inicial Dose máxima μg/kg/minuto Dobutamina 2,5 µg/kg/minuto Avaliar ajuste a cada 10 minutos.",diretriz_sbc_ressuscitacao_cardiopulmonar_filtrado.txt,CD,alto,2
"Efeito hemodinâmico em até 2 horas 20 Milrinone Ataque: 50 μg/kg em 10 minutos (risco de hipotensão – evitar se PAS < 110 mmHg) Manutenção: 0,375 μg/kg/minuto (necessidade de correção pela função renal) 0,75 Levosimendana Ataque: 6-12 μg/kg em 10 minutos (risco de hipotensão – evitar se PAS < 110 mmHg) Manutenção: 0,05 – 0,10 μg/kg/minuto por 24 horas 0,20 PAS: pressão arterial sistólica.",diretriz_sbc_ressuscitacao_cardiopulmonar_filtrado.txt,CD,alto,1
Figura 14.5 – Perfil clínico/hemodinâmico do registro BREATHE.1090 ICA: insuficiência cardíaca aguda.,diretriz_sbc_ressuscitacao_cardiopulmonar_filtrado.txt,CD,alto,0
"A milrinona promove maior disponibilidade de Monofosfato Cíclico de Adenosina (cAMP), exercendo, com isso, efeito cardiotônico.1103,1105 Os fármacos cálcio-sensibilizantes, representados no Brasil pela levosimendana, possuem mecanismo de ação dupla: primeiro inibem parcialmente a fosfodiesterase cardíaca e, depois, agem como sensibilizadores da troponina C aos íons de cálcio disponíveis.1106 Essa ação promove efeito cardiotônico, sem aumentar a demanda de oxigênio pelo miocárdio.",diretriz_sbc_ressuscitacao_cardiopulmonar_filtrado.txt,CD,alto,0
"Além de seu efeito inotrópico, altera também os canais de potássio periféricos, promovendo efeito vasodilatador arterial (Tabela 14.3).",diretriz_sbc_ressuscitacao_cardiopulmonar_filtrado.txt,CD,alto,0
"Indicações de Suporte Mecânico A assistência circulatória mecânica (ACM) é uma forma artificial de substituição ou auxílio ao desempenho ventricular, sendo indicada em diferentes cenários e possibilidades clínicas para os pacientes com choque cardiogênico refratário.",diretriz_sbc_ressuscitacao_cardiopulmonar_filtrado.txt,CD,alto,0
"O registro norte-americano INTERMACS (Interagency Registry for Mechanically Assisted Circulatory Support) define a gravidade da IC (Quadro 14.7) e tem sido utilizado como parâmetro para indicação de dispositivos de ACM (Quadro 14.8).1106 No choque cardiogênico refratário (INTERMACS I e II), os dispositivos de ACM podem ser utilizados visando ao resgate hemodinâmico e à estabilidade clínica, incluindo a possibilidade de recuperação da função cardíaca, bem como a realização do transplante, definindo, assim, três estratégias:1107 1.",diretriz_sbc_ressuscitacao_cardiopulmonar_filtrado.txt,CD,alto,0
"DIAGNÓSTICO DE INSUFICIÊNCIA CARDÍACA A IC é uma síndrome de diagnóstico clínico, baseado em achados de história clínica, exames físicos e complementares.",diretriz_sus_insuficiencia_cardiaca_filtrado.txt,HYP,alto,2
"Os escores diagnósticos podem ser úteis na investigação clínica, em especial para profissionais menos experientes, por apresentarem-se em formato de questionário estruturado compilando sinais, sintomas e fatores de risco, servindo como guia da avaliação médica.",diretriz_sus_insuficiencia_cardiaca_filtrado.txt,HYP,alto,1
"Os sinais e sintomas de IC não são exclusivos da doença, podendo estar presentes em outras patologias, em especial outras doenças cardiopulmonares.",diretriz_sus_insuficiencia_cardiaca_filtrado.txt,HYP,alto,0
"Entre os achados clínicos, a dispneia é o sintoma mais frequente em pacientes com IC, embora possa ser observada em outras condições clínicas.",diretriz_sus_insuficiencia_cardiaca_filtrado.txt,HYP,alto,1
"Turgência venosa jugular, refluxo hepatojugular e presença de terceira bulha indicam elevada suspeita de IC, apesar de usualmente não estarem presentes na maioria dos pacientes com a doença (BECK-DA-SILVA et al., 2007;",diretriz_sus_insuficiencia_cardiaca_filtrado.txt,HYP,alto,0
"Em geral, a apresentação da IC pode ser bastante variável, o que pode ser desafiador para o profissional de saúde e geralmente demanda uma avaliação adicional por meio de exames complementares.",diretriz_sus_insuficiencia_cardiaca_filtrado.txt,HYP,alto,0
"História Dispneia em repouso 4 Ortopneia 4 Dispneia paroxística noturna 3 Dispneia ao caminhar em terreno plano 2 Dispneia ao caminhar em terreno inclinado 1 Exame físico Frequência cardíaca entre 91-110 bpm 1 Frequência cardíaca maior que 110 bpm 2 16 Turgência venosa jugular 2 Turgência venosa jugular + hepatomegalia ou edema 3 Crepitantes pulmonares basais 1 Crepitantes pulmonares acometendo além das bases pulmonares 2 Sibilos 3 Terceira bulha (galope) 3 Radiografia de tórax Edema pulmonar alveolar 4 Edema pulmonar intersticial 3 Efusão pleural bilateral 3 Índice cardiotorácico maior que 0,50 3 Redistribuição do fluxo para ápices pulmonares 2 Não são permitidos mais do que quatro pontos em cada uma das categorias.",diretriz_sus_insuficiencia_cardiaca_filtrado.txt,HYP,alto,2
"Critérios de Framingham para diagnóstico de IC Critérios maiores Dispneia paroxística noturna Turgência jugular Cardiomegalia à radiografia de tórax Edema agudo de pulmão Terceira bulha (galope) Aumento da pressão venosa central (> 16 cm H2O no átrio direito) Refluxo hepatojugular Perda de peso > 4,5 kg em 5 dias em resposta ao tratamento Critérios menores Edema de tornozelos bilateral Tosse noturna Dispneia a esforços ordinários Hepatomegalia Derrame pleural Diminuição da capacidade funcional em um terço da máxima registrada previamente Taquicardia (FC > 120 bpm) Para o diagnóstico são necessários 2 critérios maiores ou 1 critério maior + 2 critérios menores.",diretriz_sus_insuficiencia_cardiaca_filtrado.txt,HYP,alto,4
"Outras causas de elevação de peptídeos natriuréticos Outras causas de origem cardíaca Síndromes coronarianas agudas Embolia pulmonar Miocardite Hipertrofia ventricular esquerda Cardiomiopatia hipertrófica ou restritiva Doença valvar Doença cardíaca congênita Taquiarritmias atriais e ventriculares Contusão cardíaca Cardioversão e choque de cardiodesfibrilador implantável Procedimentos cirúrgicos envolvendo o coração Hipertensão pulmonar Outras causas de origem não cardíaca Acidente vascular cerebral isquêmico Hemorragia subaracnóidea Disfunção renal moderada a grave Disfunção hepática moderada a grave Infecções graves (incluindo pneumonia e sepse) Queimaduras graves Anemia Anormalidades metabólicas e hormonais graves Fonte: KELDER et al., 2011.",diretriz_sus_insuficiencia_cardiaca_filtrado.txt,HYP,alto,0
"Em pacientes com probabilidade moderada, apesar de a investigação inicial com BNP ou NTproBNP ser preferencial, a estratégia inicial pode envolver diretamente a realização de ecocardiografia caso haja facilidade de acesso e alta disponibilidade desse recurso.",diretriz_sus_insuficiencia_cardiaca_filtrado.txt,HYP,alto,2
"Fluxograma para diagnóstico de IC crônica Em pacientes com probabilidade moderada, apesar de a investigação inicial com BNP ou NTproBNP ser preferencial, a estratégia inicial pode envolver diretamente a realização de ecocardiografia caso haja facilidade de acesso e alta disponibilidade desse recurso.",diretriz_sus_insuficiencia_cardiaca_filtrado.txt,HYP,alto,3
"Detalhes adicionais sobre as recomendações de diagnóstico da IC com fração de ejeção reduzida, assim como seu nível de evidência, grau de recomendação e referências utilizadas, encontram-se no Anexo.",diretriz_sus_insuficiencia_cardiaca_filtrado.txt,HYP,alto,1
"Apesar de o presente documento ser específico para IC com fração de ejeção reduzida, é importante atentar para a existência da insuficiência cardíaca com fração de ejeção preservada (ICFEP).",diretriz_sus_insuficiencia_cardiaca_filtrado.txt,HYP,alto,0
"Alguns pacientes podem apresentar as manifestações de IC de forma abrupta, seja referente a novos sintomas, seja referente a exarcebação da síndrome clínica existente.",diretriz_sus_insuficiencia_cardiaca_filtrado.txt,HYP,alto,0
"em sua maioria, apresentam sintomas de congestão pulmonar ou sistêmica, mas podem apresentar sinais associados a baixo débito cardíaco como hipoperfusão, hipotensão e choque.",diretriz_sus_insuficiencia_cardiaca_filtrado.txt,HYP,alto,0
"CLASSIFICAÇÃO DA INSUFICIÊNCIA CARDÍACA Os pacientes com IC são classificados de acordo com a classificação da New York Heart Association (NYHA), a qual gradua a doença em 4 níveis (Tabela 2).",diretriz_sus_insuficiencia_cardiaca_filtrado.txt,HYP,alto,0
"Atividades de intensidades inferiores causam dispneia, cansaço, palpitações.",diretriz_sus_insuficiencia_cardiaca_filtrado.txt,HYP,alto,1
"entretanto, deve ser individualizada considerando as especificidades de cada paciente, idealmente com apoio de profissional especializado, como educador físico.",diretriz_sus_insuficiencia_cardiaca_filtrado.txt,HYP,alto,1
"Uma estratégia aplicável a boa parcela dos 21 pacientes com IC é um programa de treino aeróbico progressivo, até um alvo de 25 a 60 min/dia, pelo menos 3 vezes por semana, podendo ser realizadas atividades como caminhadas e corridas leves em esteira ou ao ar livre e bicicleta ergométrica, de acordo com preferências do pacientes e perfil de comorbidades coexistentes, em especial do sistema osteoarticular (BELLI, 2016;",diretriz_sus_insuficiencia_cardiaca_filtrado.txt,HYP,alto,0
"Sinais de alerta para a interrupção da atividade incluem o surgimento de angina, tonturas ou piora no padrão da dispneia, devendo o paciente ser orientado sobre a possibilidade de surgimento desses sintomas e sobre a necessidade de informar ao profissional de saúde.",diretriz_sus_insuficiencia_cardiaca_filtrado.txt,HYP,alto,1
Restrição hidrossalina Indica-se que pacientes com IC com sinais e sintomas de congestão e em classe funcional avançada (III-IV) façam restrição hídrica.,diretriz_sus_insuficiencia_cardiaca_filtrado.txt,HYP,alto,1
Essa medida tem por objetivo reduzir sintomas relacionadas à congestão.,diretriz_sus_insuficiencia_cardiaca_filtrado.txt,HYP,alto,0
"Redução de peso A perda de peso deve ser orientada em paciente com IC e IMC maior que 35 kg/m², seguindo as recomendações gerais para manejo da obesidade, que visam a prevenção de doenças cardiovasculares e melhora de sintomas como dispneia e intolerância ao exercício físico.",diretriz_sus_insuficiencia_cardiaca_filtrado.txt,HYP,alto,2
"Inibidores da enzima conversora de angiotensina (IECA) São indicados para tratamento de pacientes com IC, excluídos casos de não tolerância, contraindicação e em gestantes (por risco de malformações fetais).",diretriz_sus_insuficiencia_cardiaca_filtrado.txt,HYP,alto,2
"Os efeitos adversos importantes são tosse, hipotensão, insuficiência renal, hipercalemia e angiodema.",diretriz_sus_insuficiencia_cardiaca_filtrado.txt,HYP,alto,0
"A disfunção renal induzida por esse medicamento é um possível indicador de doença renovascular subjacente, e a monitorização periódica da função renal e de eletrólitos é indicada, em especial em pacientes com predisposição.",diretriz_sus_insuficiencia_cardiaca_filtrado.txt,HYP,alto,0
Betabloqueadores São indicados para pacientes com IC e podem ser iniciados em associação a IECA.,diretriz_sus_insuficiencia_cardiaca_filtrado.txt,HYP,alto,1
"Os betabloqueadores indicados são succinato de metoprolol, bisoprolol ou carvedilol, sem evidência de superioridade entre eles.",diretriz_sus_insuficiencia_cardiaca_filtrado.txt,HYP,alto,0
"Níveis pressóricos e frequência cardíaca baixos, desde de que assintomáticos, são tolerados e não devem ser motivo para redução de dose ou suspensão do uso de betabloqueadores.",diretriz_sus_insuficiencia_cardiaca_filtrado.txt,HYP,alto,1
"Não há certeza do benefício de outros betabloqueadores, como propranolol e atenolol, uma vez que esses não foram adequadamente avaliados em pacientes com IC e, portanto, seu uso não é preconizado neste Protocolo.",diretriz_sus_insuficiencia_cardiaca_filtrado.txt,HYP,alto,0
"24 Antagonistas do receptor da angiotensina II (ARA II) Devem ser utilizados em pacientes com IC e intolerância ou contraindicação aos IECA, em especial naqueles que desenvolvem tosse com o uso de IECA.",diretriz_sus_insuficiencia_cardiaca_filtrado.txt,HYP,alto,2
Antagonistas da aldosterona São indicados para pacientes com insuficiência cardíaca com fração reduzida e que permanecem sintomáticos (classe II-IV da NYHA) apesar de tratamento com IECA/ARA II e betabloqueador nas maiores doses toleradas.,diretriz_sus_insuficiencia_cardiaca_filtrado.txt,HYP,alto,4
"No Brasil, o único antagonista da aldosterona disponível é a espironolactona, que pode causar como efeitos adversos dor mamária e ginecomastia em homens (Anexo).",diretriz_sus_insuficiencia_cardiaca_filtrado.txt,HYP,alto,0
"Hidralazina e nitrato Historicamente, a associação de hidralazina e nitrato foi a primeira estratégia de tratamento vasodilatador com benefícios clínicos prováveis em pacientes com IC, tendo sido amplamente 25 utilizada na década de 1980.",diretriz_sus_insuficiencia_cardiaca_filtrado.txt,HYP,alto,1
"Adicionalmente, essa associação medicamentosa pode ser utilizada em pacientes que persistem em classe funcional III e IV da NYHA, apesar de tratamento otimizado (uso de IECA/ARA II, betabloqueadores e antagonistas da aldosterona).",diretriz_sus_insuficiencia_cardiaca_filtrado.txt,HYP,alto,4
"Na população não negra, as evidências de benefício são mais frágeis e seu uso também pode ser considerado em pacientes muito sintomáticos (classe III e IV), em uso de IECA/ARA II e betabloqueadores, particularmente naqueles com cardiopatia de origem hipertensiva, com níveis pressóricos não otimizados.",diretriz_sus_insuficiencia_cardiaca_filtrado.txt,HYP,alto,2
"Digoxina O benefício clínico do uso da digoxina se restringe a pacientes que permanecem sintomáticos apesar do tratamento com IECA/ARA II, betabloqueadores e antagonistas da aldosterona.",diretriz_sus_insuficiencia_cardiaca_filtrado.txt,HYP,alto,3
"A digoxina possui uma estreita janela terapêutica, incluindo efeitos tóxicos como arritmias, redução da condução atrioventricular, bradicardia sinusal, náuseas, vômitos, diarreia e distúrbios visuais.",diretriz_sus_insuficiencia_cardiaca_filtrado.txt,HYP,alto,0
"Doses baixas (0,125 pg/mL em dias alternados) são preferíveis, podendo-se aumentar com cautela as doses caso persistam os sintomas.",diretriz_sus_insuficiencia_cardiaca_filtrado.txt,HYP,alto,1
"nesses casos, é boa prática iniciar com doses baixas e ajustar de acordo com sintomatologia e dosagem sérica, para assegurar eficácia e segurança.",diretriz_sus_insuficiencia_cardiaca_filtrado.txt,HYP,alto,1
"DESTAQUES ECG 10 5.1 TROPONINA: É o marcador mais sensível e específico para a detecção de necrose miocárdica, constituindo-se na primeira escolha para diagnóstico definitivo de necrose miocárdica.",protocolo_sus_sindrome_coronariana_filtrado.txt,MI,alto,1
Eleva-se após 6 a 12 horas do início dos sintomas.,protocolo_sus_sindrome_coronariana_filtrado.txt,MI,alto,0
"Quando dosada a troponina, a dosagem de outros marcadores enzimáticos torna-se desnecessária.",protocolo_sus_sindrome_coronariana_filtrado.txt,MI,alto,1
Deve ser dosada na admissão e após 9-12 h do início dos sintomas.,protocolo_sus_sindrome_coronariana_filtrado.txt,MI,alto,1
A CK-MB deve ser dosada na admissão e após 6 a 9 h do início dos sintomas.,protocolo_sus_sindrome_coronariana_filtrado.txt,MI,alto,1
"Se a suspeita de IAM for alta e os primeiros exames confirmaram o diagnóstico, colher nova amostra após 12h do início dos sintomas.",protocolo_sus_sindrome_coronariana_filtrado.txt,MI,alto,2
Os MNM devem ser dosados à admissão nos pacientes com suspeita de SCA e repetidos com 9 a 12 horas do início dos sintomas nos casos de alta suspeita clínica As troponinas (T e I) são os marcadores bioquímicos de escolha para diagnóstico definitivo de necrose miocárdica.,protocolo_sus_sindrome_coronariana_filtrado.txt,MI,alto,1
"11 DIAGNÓSTICO DE SÍNDROME CORONARIANA AGUDA Anamnese Dor típica Qualidade Desconforto difuso, constritiva ou em peso Localização Retroesternal Irradiação Ombro, braço E, braço D, pescoço ou mandíbula Não alterada por Posição, movimento, palpação Início Geralmente em repouso Sinais e sintomas associados Sudorese, náuseas, vômitos ou dispnéia Sintomas atípicos Mal estar, indigestão, dor epigástrica e sudorese, principalmente em idosos e em portadores de diabete melito (DM).",protocolo_sus_sindrome_coronariana_filtrado.txt,MI,alto,0
"ECG IAMCSST Supradesnivelamento ST em 2 ou mais derivações consecutivas (>1mm nas derivações periféricas ou >2mm nas precordiais) ou BCRE novo ou presumivelmente novo SCASSST Incaracterístico Infradesnivelamento ≥ 0,5 mm em duas ou mais derivações consecutivas Inversão T ≥ 2 mm em derivações sem onda Q MNM (marcadores de necrose miocárdica) Troponina Na admissão VN = acima do percentil 99 do kit utilizado Após 9-12h da dor ou CK-MB Na admissão VN = acima do percentil 99 do kit utilizado Após 6 – 9h da dor Após 12h da dor 12 Sintomas sugestivos de SCA Realizar ECG em até 10 min Supra de ST ou BRE novo SIM NÃO - Infra de ST - Inversão de onda T - Dor recorrente - Instabilidade hemodinâmica - Alto risco (escores) - MNM positivos SIM - Observar por 9 a 12 h;",protocolo_sus_sindrome_coronariana_filtrado.txt,MI,alto,3
"NÃO - Dor recorrente - ECG seriado com alterações dinâmicas - MNM seguintes positivos Diagnósticos prováveis: - IAM SSST - AI (alto risco) SIM Diagnósticos prováveis: - AI (baixo/intermediário risco) - Dor torácica não isquêmica NÃO Fluxograma: Diagnóstico de SCA Diagnóstico provável: IAMCSSST Avaliação médica imediata 13 CLASSIFICAÇÃO DE RISCO À ADMISSÃO Independente da estratégia de classificação de risco adotada pelo gestor ou pela instituição hospitalar deve-se reconhecer que a dor torácica é um sintoma comum, sendo necessária a diferenciação daquela de origem coronariana das demais.",protocolo_sus_sindrome_coronariana_filtrado.txt,MI,alto,3
"EXAMES DE ADMISSÃO  Glicemia, Ureia, Creatinina  Sódio, Potássio, Magnésio  Hemograma completo  Tempo de Ativação da Protrombina (INR ou RNI) e PTT  Troponina (T ou I) ou CK-MB Massa (CK-MB e total - apenas na ausência de marcadores mais específicos)  Colesterol Total e frações e Triglicerídeos (colher nas primeiras 24h de internação, com jejum de 10 a 12 horas)  RX de Tórax: Não deve atrasar a reperfusão, exceto quando houver suspeita de Dissecção Aórtica Critérios clínicos sugestivos de SCA que exigem a avaliação imediata do paciente, com realização de ECG até 10 minutos após o atendimento inicial: - dor ou desconforto torácico significativo, de início recente, durando mais que 15 minutos;",protocolo_sus_sindrome_coronariana_filtrado.txt,MI,alto,1
"- localização em qualquer local do tórax, possivelmente incluindo pescoço, braços, dorso e abdome superior.",protocolo_sus_sindrome_coronariana_filtrado.txt,MI,alto,0
"Fatores que indicam possível maior gravidade e favorecem o atendimento rápido: - sintomas associados com sudorese, náuseas, vômitos ou perda transitória da consciência;",protocolo_sus_sindrome_coronariana_filtrado.txt,MI,alto,0
- semelhança com episódio conhecido de angina ou ataque cardíaco prévio;,protocolo_sus_sindrome_coronariana_filtrado.txt,MI,alto,0
"A maior parte das mortes por IAM acontece fora do ambiente hospitalar, geralmente desassistidas pelos médicos, e entre aqueles que chegam ao hospital, apenas cerca de 20% destes pacientes chegam ao setor de emergência com até duas horas após o início dos sintomas.",protocolo_sus_sindrome_coronariana_filtrado.txt,MI,alto,2
"A abordagem do paciente com suspeita de síndrome coronária aguda em ambiente extra-hospitalar deve, idealmente, ser feita por profissional de saúde, com realização de uma história clínica direcionada, investigando as características dos sintomas atuais.",protocolo_sus_sindrome_coronariana_filtrado.txt,MI,alto,1
c) Fornecer maior informação à população quanto aos sintomas de IAM e a importância de uma busca rápida por auxílio médico;,protocolo_sus_sindrome_coronariana_filtrado.txt,MI,alto,1
FIBRINÓLISE PRÉ HOSPITALAR O retardo pré-hospitalar — intervalo entre o início dos sintomas isquêmicos e a chegada ao hospital — é um dos determinantes do tamanho do infarto e da mortalidade pré e intra-hospitalar.,protocolo_sus_sindrome_coronariana_filtrado.txt,MI,alto,1
"Se estável hemodinamicamente, sem arritmias e sem recorrência da dor torácica por 12 a 24h, liberar para levantar do leito;",protocolo_sus_sindrome_coronariana_filtrado.txt,MI,alto,0
" Oxigênio suplementar – apenas em paciente congestão pulmonar, dispnéia, cianose ou SatO2 < 90%;",protocolo_sus_sindrome_coronariana_filtrado.txt,MI,alto,0
" Morfina – se não houver alívio da dor com nitratos, usar morfina 2 a 4 mg a cada 5 a 15 minutos, se necessário, para redução da ansiedade e atividade autonômica, diminuindo a demanda metabólica do miocárdio;",protocolo_sus_sindrome_coronariana_filtrado.txt,MI,alto,0
"Repetir até três vezes, cada 5 min, se houver persistência da dor torácica;",protocolo_sus_sindrome_coronariana_filtrado.txt,MI,alto,1
" Via endovenosa por até 48h e após por via oral, em especial naqueles com hipertensão arterial, ou congestão pulmonar;",protocolo_sus_sindrome_coronariana_filtrado.txt,MI,alto,0
" Contraindicações: bradicardia (FC < 50bpm), PAS < 90 mmHg, IAM de VD, uso de inibidor da fosfodiesterase (sildenafil nas últimas 24h, tadalafil nas últimas 48h e vardenafil - não há tempo definido);",protocolo_sus_sindrome_coronariana_filtrado.txt,MI,alto,1
" Efeitos colaterais: Cefaléia, tonteira, vertigem, rubor facial, hipotensão, hipotensão ortostática, taquicardia reflexa.",protocolo_sus_sindrome_coronariana_filtrado.txt,MI,alto,0
" Efeitos colaterais mais comuns: aumento da freqüência de eventos hemorrágicos (principalmente gastrintestinais), broncoespasmo, angioedema, anafilaxia, trombocitopenia;",protocolo_sus_sindrome_coronariana_filtrado.txt,MI,alto,0
" Para paciente com SCA e sangramento gastrintestinal prévio, em uso isolado de AAS ou combinado com o clopidogrel, deve ser prescrito inibidores da bomba de prótons;",protocolo_sus_sindrome_coronariana_filtrado.txt,MI,alto,0
" Efeitos colaterais mais comuns: aumento da freqüência de eventos hemorrágicos, reações anafilactóides, angioedema, hipersensibilidade, síndrome de Stevens Johnson, neutropenia.",protocolo_sus_sindrome_coronariana_filtrado.txt,MI,alto,0
"2.5 Inibidores da Glicoproteína IIB/IIIA (iGP) O uso dos iGP (abciximab e tirofiban) em adição à terapia antiagregante dupla (clopidogrel em associação ao ácido acetilsalicílico) ainda é controverso, pelo aumento do risco de sangramento e redução do benefício a ser obtido.",protocolo_sus_sindrome_coronariana_filtrado.txt,MI,alto,1
"18 SCACSST  Todo paciente submetido à reperfusão deve receber heparina (HNF ou, preferencialmente, HBPM) por no mínimo 48h, idealmente 8 dias ou até alta hospitalar;",protocolo_sus_sindrome_coronariana_filtrado.txt,MI,alto,2
" Naqueles eleitos para estratégia conservadora, deve-se preferir enoxaparina.",protocolo_sus_sindrome_coronariana_filtrado.txt,MI,alto,0
"Doses Recomendadas: HNF - por 48h (risco de trombocitopenia): - Bolo inicial: 60U/Kg (máximo: 4000 U) - Manutenção: 12U/kg/h (até 1000U/h), mantendo PTTa 1.5 a 2.0 vezes a referência.",protocolo_sus_sindrome_coronariana_filtrado.txt,MI,alto,2
"2.6.2 FONDAPARINUX Este inibidor indireto do fator Xa tem menor probabilidade de produzir trombocitopenia e é comparável às heparinas, principalmente quando se opta pela terapêutica conservadora.",protocolo_sus_sindrome_coronariana_filtrado.txt,MI,alto,0
"SCASSST  O fondaparinux pode ser anticoagulante de escolha em casos de tratamento conservador, na dose 2,5mg SC cada 24h, durante a internação hospitalar, por até 8 dias.",protocolo_sus_sindrome_coronariana_filtrado.txt,MI,alto,2
"O benefício da trombólise na mortalidade é mais dependente do tempo de isquemia do que a ICP primária, sendo maior nas primeiras 6 horas do início dos sintomas, não havendo benefício demonstrado após 12 horas de evolução.",protocolo_sus_sindrome_coronariana_filtrado.txt,MI,alto,2
"Pacientes com IAMCSST com menos de 12 horas do início dos sintomas devem receber terapia trombolítica imediatamente (dentro de 30 min.), quando a ICP primária não pode ser realizada dentro de 90 minutos da admissão.",protocolo_sus_sindrome_coronariana_filtrado.txt,MI,alto,5
21 Contraindicações absolutas Contraindicações relativas Qualquer sangramento intracraniano História de AVC isquêmico > 3 meses ou patologias intracranianas não listadas nas contraindicações AVC isquêmico nos últimos três meses Gravidez Dano ou neoplasia no sistema nervoso central Uso atual de antagonistas da vitamina K: quanto maior o INR maior o risco de sangramento Trauma significante na cabeça ou rosto nos últimos três meses Sangramento interno recente < 2-4 semanas Sangramento ativo ou diástese hemorrágica (exceto menstruação) Ressuscitação cardiopulmonar traumática ou prolongada (> 10 min) ou cirurgia < 3 semanas Qualquer lesão vascular cerebral conhecida (malformação arteriovenosa) Hipertensão arterial não controlada (pressão arterial sistólica > 180 mmHg ou diastólica > 110 mmHg) Suspeita de dissecção de aorta Punções não compressíveis História de hipertensão arterial crônica importante e não controlada Úlcera péptica ativa Exposição prévia a SK (mais de 5 dias) ou reação alérgica prévia DOSES DE TROMBOLÍTICOS : AGENTE TRATAMENTO ANTITROMBÓTICOS SK 1.5 milhões UI em 100 ml SG 5% ou SF 0.9% em 30-60 min HNF ajustada pelo peso ou Enoxaparina ou fondaparinux por até 8 dias.,protocolo_sus_sindrome_coronariana_filtrado.txt,MI,alto,4
"Se houver contraindicação à trombólise ou em caso de choque cardiogênico, ICP primária também é a opção preferencial.",protocolo_sus_sindrome_coronariana_filtrado.txt,MI,alto,2
"22 3.3 ICP DE RESGATE A ICP de resgate é realizada após o trombolítico, quando não há critérios de reperfusão: - Clínicos: dor torácica persistente e intensa, especialmente se associada à sudorese, dispnéia, e instabilidade hemodinâmica;",protocolo_sus_sindrome_coronariana_filtrado.txt,MI,alto,2
Pacientes com menos de 3 h de início dos sintomas se beneficiam mais do trombolítico no local do evento.,protocolo_sus_sindrome_coronariana_filtrado.txt,MI,alto,1
"Cada 30 minutos de atraso do início dos sintomas à insuflação do balão aumenta em 7,5% a taxa de morte em 1 ano.",protocolo_sus_sindrome_coronariana_filtrado.txt,MI,alto,0
■ Pacientes com contraindicação formal a terapia trombolítica devem ser transferidos para realização de ICP primária em até 12 h do início dos sintomas.,protocolo_sus_sindrome_coronariana_filtrado.txt,MI,alto,3
"24 Hospital com Hemodinâmica IAM com Supra ST ou BRE novo Tempo porta-balão < 90 min e Tempo de atraso < 60 min ICP primária Contraindicação à trombólise Transferência para ICP primária Garantia de tempo de transferência < 60 min Sim Sim Não Fluxograma de Reperfusão Miocárdica no IAM com Supra ST Choque cardiogênico Sim ICP de resgate Tempo de sintoma < 12h Sim Não Tempo de sintoma < 36h e Tempo de choque < 18h Sim Tto clínico otimizado Sim Não Não Tempo de sintoma < 3h Contraindicação à trombólise Não Não Não Não Sim Critérios de reperfusão após 90 minutos Tto clínico otimizado Sim Não Sim Sim Não Transferência para ICP primária Trombólise Transferência rápida para UCo (<24h) Transferência rápida para UCo (<24h) Trombólise 25 6 TERAPIA FARMACOLÓGICA ADICIONAL 6.1 Bloqueadores do sistema renina-angiotensina-aldosterona Os inibidores da enzima conversora de angiotensina (IECA) reduziram eventos cardiovasculares maiores, inclusive óbito, na fase aguda da SCA.",protocolo_sus_sindrome_coronariana_filtrado.txt,MI,alto,4
"Bloqueadores seletivos do receptor de angiotensina (BRA) tem menor evidência, mas a sua utilização na intolerância aos IECA parece ser segura e benéfica.",protocolo_sus_sindrome_coronariana_filtrado.txt,MI,alto,0
"Recomenda-se a administração de inibidores da ECA nas primeiras 24 h do evento, em pacientes com IAM anterior, congestão pulmonar ou FEVE < 40%.",protocolo_sus_sindrome_coronariana_filtrado.txt,MI,alto,2
"Principais efeitos adversos: tosse (pouco comum nos BRA), reações anafilactóides, angioedema, hipotensão, hipercalemia, insuficiência renal (sobretudo em caso de patologias obstrutivas de vasos renais), malformações congênitas (se utilizados no 1º trimestre da gravidez).",protocolo_sus_sindrome_coronariana_filtrado.txt,MI,alto,0
"Principais efeitos adversos: mialgias (miopatia), rabdomiólise, náuseas, hepatotoxicidade, pancreatite, reações de hipersensibilidade.",protocolo_sus_sindrome_coronariana_filtrado.txt,MI,alto,0
" Na SCASSST, na presença FEVE < 40% ou sintomas de congestão pulmonar, o IECA deve ser iniciado nas primeiras 24h, a menos que contraindicado.",protocolo_sus_sindrome_coronariana_filtrado.txt,MI,alto,1
"26 6.3 Bloqueadores dos canais de cálcio Efeitos Colaterais mais comuns: bradicardia, bloqueios de condução, arritmias (derivados não-didropiridínicos).",protocolo_sus_sindrome_coronariana_filtrado.txt,MI,alto,0
"Piora de sintomas de insuficiência cardíaca, congestão pulmonar, angioedema, reações de hipersensibilidade.",protocolo_sus_sindrome_coronariana_filtrado.txt,MI,alto,0
"COMPLICAÇÕES 1 ANGINA PÓS INFARTO  Angina, significando novos episódios isquêmicos, pode ocorrer durante o período de hospitalização pós-infarto agudo em cerca de 20%-30% dos casos, mas tem sido relatada depois de reperfusão com sucesso em até 58% dos indivíduos;",protocolo_sus_sindrome_coronariana_filtrado.txt,MI,alto,0
"2 INFARTO DE VD  A isquemia ventricular direita pode ser demonstrada em até 50% de todos os infartos do miocárdio de região inferior, embora em somente 10%-15% dos pacientes possam ser observadas alterações hemodinâmicas clássicas (Hipotensão arterial, sinais de baixo débito);",protocolo_sus_sindrome_coronariana_filtrado.txt,MI,alto,0
" Em geral, a reposição volêmica com solução salina fisiológica normaliza a hipotensão e melhora o débito cardíaco.",protocolo_sus_sindrome_coronariana_filtrado.txt,MI,alto,0
"Embora a carga volêmica seja o primeiro passo no manuseio da hipotensão associada à isquemia ventricular direita, o suporte inotrópico (dobutamina) deve ser iniciado imediatamente caso o débito cardíaco não melhore após a administração de 500-1.000 ml de carga volêmica.",protocolo_sus_sindrome_coronariana_filtrado.txt,MI,alto,1
" Verapamil pode ser usado para controle de sintomas isquêmicos ou da freqüência cardíaca (na fibrilação ou flutter atrial de alta resposta) em pacientes com contraindicação aos BBloq ou que persistem sintomáticos a despeito do uso de BBloq e nitratos, excluída as contra-indicações, como sinais de IC, disfunção ventricular e BAV.",protocolo_sus_sindrome_coronariana_filtrado.txt,MI,alto,0
"Clinicamente pode se caracterizar por dor torácica ventilatório-dependente, agravada por inspiração profunda, tosse e deglutição, e aliviada quando o paciente flete o tórax anteriormente, podendo ou não ser acompanhada de febre baixa.",protocolo_sus_sindrome_coronariana_filtrado.txt,MI,alto,0
A dose pode ser reduzida quando da melhora dos sintomas.,protocolo_sus_sindrome_coronariana_filtrado.txt,MI,alto,1
4 EDEMA AGUDO DE PULMÃO O edema pulmonar associa-se a mortalidade de 20 a 40% em 30 dias.,protocolo_sus_sindrome_coronariana_filtrado.txt,MI,alto,0
" Morfina : 2 mg EV a cada 2 min , até alívio dos sintomas;",protocolo_sus_sindrome_coronariana_filtrado.txt,MI,alto,1
"Edema agudo de pulmão Avaliação inicial Respiratório Hemodinâmico Oxigenioterapia VNI – CPAP Ventilação mecânica Morfina 2 a 4 mg IV Furosemida 40 a 80 mg IV Nitrato SL Status hemodinâmico Hipertensão arterial Hipotensão arterial Fármacos inotrópicos e vasopressores Nitroglicerina IV 0,3 a 0,5 mcg/min Fluxograma para tratamento do EAP 28 5 CHOQUE CARDIOGÊNICO Estado de hipoperfusão tecidual, caracterizado por pressão arterial sistólica < 90 mmHg, índice cardíaco < 1,8 l/min/m² e pressões de enchimento elevadas.",protocolo_sus_sindrome_coronariana_filtrado.txt,MI,alto,1
"Nos pacientes com IAM, as principais causas de choque cardiogênico são: - Insuficiência ventricular esquerda (74%);",protocolo_sus_sindrome_coronariana_filtrado.txt,MI,alto,1
"- Trombolítico: se ocorrer choque entre 3 e 6 horas do início do IAM e previsão de atraso no transporte e na intervenção, a terapia fibrinolítica deve ser iniciada de imediato;",protocolo_sus_sindrome_coronariana_filtrado.txt,MI,alto,2
"- Coronariografia / ICP primária: há benefício na revascularização miocárdica precoce (ICP ou CRVM), desde que feita em 36h do início do IAMCSST e 18h do início do choque;",protocolo_sus_sindrome_coronariana_filtrado.txt,MI,alto,3
O quadro abaixo orienta o uso de aminas e nitroglicerina no choque cardiogênico no IAMCSST.,protocolo_sus_sindrome_coronariana_filtrado.txt,MI,alto,1
COMPLICAÇÔES MECÂNICAS 6.1 Insuficiência Mitral Aguda  Relacionada à isquemia / ruptura do músculo papilar;,protocolo_sus_sindrome_coronariana_filtrado.txt,MI,alto,0
"o BIA, inotrópicos (Dobutamina), vasodilatadores (Nitroprussiato de sódio) e Diuréticos;",protocolo_sus_sindrome_coronariana_filtrado.txt,MI,alto,0
30 7.2 Taquicardia Ventricular (TV) A FV primária ocorre nas primeiras 24 às 48h do IAM e não implica em um maior risco de eventos futuros.,protocolo_sus_sindrome_coronariana_filtrado.txt,MI,alto,3
Já a FV secundária associa-se a insuficiência cardíaca congestiva ou choque cardiogênico e se desenvolve após 48h do início do IAMCSST.,protocolo_sus_sindrome_coronariana_filtrado.txt,MI,alto,1
" Se nas primeiras 4 a 6 horas após o IAM o paciente evoluir com bradicardia (< 40 a 50 bpm) associada a hipotensão, atropina IV pode ser administrada (0,3 a 0,6 mg cada 3 a 10 min.",protocolo_sus_sindrome_coronariana_filtrado.txt,MI,alto,3
■ TV sustentada polimórfica e instabilidade hemodinâmica deve ser tratada com choque não sincronizado 360J (cardioversor monofásico) ou 200J (cardioversor bifásico).,protocolo_sus_sindrome_coronariana_filtrado.txt,MI,alto,0
"■ TV sustentada, monomórfica, mas com angina, edema pulmonar ou hipotensão deve ser tratada com choque sincronizado 100J (cardioversor monofásico) sob anestesia e sedação, além de amiodarona IV: 150 mg em 10 min.;",protocolo_sus_sindrome_coronariana_filtrado.txt,MI,alto,1
"■ Na TV sustentada refratária é aceitável tentar reduzir a isquemia com betabloqueadores, BIA, ICP e CRVM, além de manter potássio > 4 mEq/L e magnésio > 2 mEq/L.",protocolo_sus_sindrome_coronariana_filtrado.txt,MI,alto,1
"Pacientes de alto risco devem ser referendados para a coronariografia e subseqüente revascularização, se necessário.",protocolo_sus_sindrome_coronariana_filtrado.txt,MI,alto,1
"■ Pacientes de alto risco devem ser referendados para a coronariografia e subseqüente revascularização, se necessário.",protocolo_sus_sindrome_coronariana_filtrado.txt,MI,alto,1
■ FV deve ser tratada com choque não sincronizado de 360 joules (cardioversor monofásico) ou choque de 200 joules (cardioversor bifásico).,protocolo_sus_sindrome_coronariana_filtrado.txt,MI,alto,0
FV refratária deve ser tratada com amiodarona IV (300 mg ou 5 mg/kg) seguido de choque não sincronizado.,protocolo_sus_sindrome_coronariana_filtrado.txt,MI,alto,0
"Caso haja progressão para bradicardia que cause hipotensão ou insuficiência cardíaca não responsiva a atropina, deve ser implantado marcapasso externo ou transvenoso temporário.",protocolo_sus_sindrome_coronariana_filtrado.txt,MI,alto,0
"33 RISCO INTERMEDIÁRIO Neste grupo, os resultados são similares, tanto na abordagem inicial conservadora, quanto na estratégia terapêutica invasiva.",protocolo_sus_sindrome_coronariana_filtrado.txt,MI,alto,1
"Vantagem da estratégia conservadora inicial é que vários pacientes estabilizam-se com o tratamento clínico, evitando custos e possivelmente procedimentos invasivos desnecessários.",protocolo_sus_sindrome_coronariana_filtrado.txt,MI,alto,0
"ALTO RISCO A estratégia invasiva em pacientes de alto risco reduz as taxas de IAM, angina grave e de re-hospitalização no longo prazo.",protocolo_sus_sindrome_coronariana_filtrado.txt,MI,alto,2
"A estratégia invasiva está indicada em pacientes de critérios de alto risco, com realização de coronariografia em até 72 horas (preferencialmente até 24h se houver múltiplos fatores de risco) e subseqüente revascularização, se necessário.",protocolo_sus_sindrome_coronariana_filtrado.txt,MI,alto,1
"Pacientes de alto risco isquêmico com angina refratária, associada à insuficiência cardíaca, arritmias, ou instabilidade hemodinâmica devem ser considerados para coronariografia de emergência (< 2 h).",protocolo_sus_sindrome_coronariana_filtrado.txt,MI,alto,1
"IAMCSST não complicado (sem arritmias, sangramento, isquemia, angina ou insuficiência cardíaca após evento) com reperfusão: no mínimo 72 h;",protocolo_sus_sindrome_coronariana_filtrado.txt,MI,alto,2
"3) Betabloqueador  SCASSST - Há benefício do uso por tempo indeterminado nos pacientes que evoluem com redução da FE com ou sem sinais clínicos de IC, sendo também razoável para pacientes de baixo risco.",protocolo_sus_sindrome_coronariana_filtrado.txt,MI,alto,1
5) Nitratos O benefício está restrito ao alívio dos sintomas isquêmicos.,protocolo_sus_sindrome_coronariana_filtrado.txt,MI,alto,0
Uso crônico não está indicado se nos assintomáticos após otimização das doses de betabloqueador e IECA.,protocolo_sus_sindrome_coronariana_filtrado.txt,MI,alto,1
"6) Terapia hipolipemiante (estatina) É inequívoco o benefício do uso prolongado das estatinas na prevenção de morte e novos eventos isquêmicos nos portadores de DAC, especialmente após SCA, e independente dos valores basais do colesterol.",protocolo_sus_sindrome_coronariana_filtrado.txt,MI,alto,0
"Retorno às atividades físicas: pacientes que estejam assintomáticos após IAM não complicado podem retornar a suas atividades após 2-4 semanas, com avaliação cardiológica.",protocolo_sus_sindrome_coronariana_filtrado.txt,MI,alto,1
"Para SCASSST Histórico Pontos 1 – Idade > 65 anos 1 2 – ≥ 3 fatores risco DAC (tabagismo, dislipidemia, história familiar DAC, DM, HAS) 1 3 – DAC conhecida (estenose coronária > 50%) 1 4 – Uso AAS nos últimos 7 dias 1 Apresentação 5 – Recorrência dos sintomas (≥ 2 episódios nas últimas 24h) 1 6 – Elevação MNM 1 7 – Desvio segmento ST ≥ 0,5 mm 1 TOTAL 7 Somatória de cada um dos 7 itens Pontos Eventos cardíacos maiores em 14 dias Risco de eventos Óbito / IAM Óbito / IAM / revascularização urgente 0 - 1 3% 5% Baixo 2 3% 8% 3 5% 13% Intermediário 4 7% 20% 5 12% 26% Alto 6 - 7 19% 41% 46 2.",protocolo_sus_sindrome_coronariana_filtrado.txt,MI,alto,2
"Para SCACSST Escore Pontos Idade ≥ 75 anos 3 65 – 74 anos 2 História de diabetes, hipertensão ou angina 1 Exame físico PAS < 100 mmHg 3 FC > 100 bpm 2 Classe Killip II-IV 2 Peso < 67 kg 1 Supradesnível do segmento ST anterior ou BCRE 1 Tempo para terapia de reperfusão > 4 horas 1 TOTAL 14 Pontos Mortalidade intra-hospitalar (%) Risco 0 0,7 1 0,3 Baixo 2 1,9 3 3,9 Intermediário 4 6,5 5 11,6 6 14,7 7 21,5 Alto 8 24,4 >8 31,7",protocolo_sus_sindrome_coronariana_filtrado.txt,MI,alto,2
"DOI: 10.5935/abc.20180095 Introdução A cardiomiopatia crônica de Chagas se manifesta tardiamente após a infecção com Trypanosoma cruzi e ainda é uma das principais causas de insuficiência cardíaca em fase terminal na América Latina.1 As experiências publicadas2,3 sobre transplantes cardíacos para doença de Chagas crônica têm demonstrado a viabilidade e eficácia desta terapia, uma vez que a reativação da doença não é uma grande preocupação quando é diagnosticada e tratada corretamente a tempo.4 No entanto, a necessidade de algum suporte circulatório mecânico na lista de espera aumentou progressivamente, de acordo com o relatório anual da International Society of Heart and Lung Transplantation.5 Considerando que a experiência com suporte circulatório mecânico na América Latina é muito limitada, e a insuficiência sistólica biventricular é comum na cardiomiopatia chagásica, é necessário esclarecer muitas questões não respondidas sobre as modalidades de suporte.",relato_caso_assistencia_circulatoria_chagas_filtrado.txt,CD,alto,7
Este relato de caso descreve a implantação bem-sucedida de um dispositivo de assistência ventricular esquerda de fluxo axial em paciente com insuficiência cardíaca terminal com insuficiência biventricular grave secundária à cardiomiopatia chagásica.,relato_caso_assistencia_circulatoria_chagas_filtrado.txt,CD,alto,6
"Relato de caso Homem de 26 anos de idade, com histórico de insuficiência cardíaca de longa data teve múltiplas admissões hospitalares no ano passado, apesar do ótimo controle médico.",relato_caso_assistencia_circulatoria_chagas_filtrado.txt,CD,alto,2
"O diagnóstico de insuficiência cardíaca em fase final por cardiomiopatia chagásica foi confirmado pela sorologia há algum tempo, e um desfibrilador cardioversor implantável foi utilizado para a prevenção secundária da morte súbita.",relato_caso_assistencia_circulatoria_chagas_filtrado.txt,CD,alto,4
"No entanto, o paciente foi admitido no pronto socorro com choque cardiogênico, nível 2 no Registro de Interagências para Suporte Circulatório Assistido Mecanicamente (INTERMACS).",relato_caso_assistencia_circulatoria_chagas_filtrado.txt,CD,alto,2
"No pós-operatório (Figura 2), o paciente apresentou hemorragia mediastinal que requereu revisão cirúrgica;",relato_caso_assistencia_circulatoria_chagas_filtrado.txt,CD,alto,0
"Uma disfunção ventricular direita transitória exigiu cinco dias de suporte inotrópico intravenoso, diurese agressiva e vasodilatadores pulmonares orais.",relato_caso_assistencia_circulatoria_chagas_filtrado.txt,CD,alto,2
A insuficiência cardíaca tardia não foi um problema e o desempenho no exercício foi excelente.,relato_caso_assistencia_circulatoria_chagas_filtrado.txt,CD,alto,2
A ecocardiografia revelou insuficiência tricúspide leve e pressão sistólica do ventrículo direito de 30 mmHg.,relato_caso_assistencia_circulatoria_chagas_filtrado.txt,CD,alto,2
"A terapia alvo, em teoria, é uma alternativa possível para aqueles pacientes que não apresentam insuficiência cardíaca tardia, o que é uma possível manifestação natural da doença.",relato_caso_assistencia_circulatoria_chagas_filtrado.txt,CD,alto,2
"Moreira et al foram os primeiros a informar o uso de dispositivos paracorporais na cardiomiopatia chagásica, com resultados inconsistentes.6 Mais recentemente, Kransdorf et al.,7 relataram a experiência dos Estados Unidos Figura 1 – Radiografia do tórax após a implantação do ECLS.",relato_caso_assistencia_circulatoria_chagas_filtrado.txt,CD,alto,2
Utilizados de forma individual ou combinados através dos operadores booleanos “AND” ou “OR”;,relato_caso_disfuncao_cardiaca_quimioterapia_filtrado.txt,CD,alto,0
"RESULTADOS Este estudo descreve o quadro de um paciente oncológico pediátrico do sexo masculino, diagnosticado aos 17 anos, pesando 72 kg, com queixa de dor e distensão abdominal, perda ponderal de 10 kg e sudorese noturna, há cerca de um mês.",relato_caso_disfuncao_cardiaca_quimioterapia_filtrado.txt,CD,alto,1
"Sendo encaminhado ao serviço público de referência em oncologia pediátrica da cidade de João Pessoa, no período de junho do ano de 2022, para acompanhamento.",relato_caso_disfuncao_cardiaca_quimioterapia_filtrado.txt,CD,alto,2
"Durante avaliação abdominal, o paciente apresentou abdome de caráter semigloboso, difícil palpação de visceromegalias em virtude da tumoração e edema.",relato_caso_disfuncao_cardiaca_quimioterapia_filtrado.txt,CD,alto,0
"Ao exame do aparelho respiratório, ele não apresentou alterações.",relato_caso_disfuncao_cardiaca_quimioterapia_filtrado.txt,CD,alto,1
"No que concerne aos exames laboratoriais, evidenciou-se níveis satisfatórios do hemograma, enzimas hepáticas e metabólicas normais, porém, prova inflamatória e desidrogenase lática aumentadas (102 e 781 -valores de referência: <10 e 120 a 246-, respectivamente), conforme representado na Tabela 1.",relato_caso_disfuncao_cardiaca_quimioterapia_filtrado.txt,CD,alto,2
"Durante a evolução do quadro, foram realizados novos exames laboratoriais, evidenciando-se o quadro clínico de eritropenia, leucopenia acentuada, anemia, trombocitopenia, prova inflamatória e marcador cardíaco -creatinofosfoquinase (CK-MB) – alterados, mediante descrito na Tabela 2.",relato_caso_disfuncao_cardiaca_quimioterapia_filtrado.txt,CD,alto,3
"João Pessoa, 2023 Fonte: Dados da pesquisa (2024) Ao acompanhamento do tratamento, o paciente evoluiu com quadro de hipertensão e taquicardia supraventricular, como representado na Figura 1.",relato_caso_disfuncao_cardiaca_quimioterapia_filtrado.txt,CD,alto,4
"Entretanto, com a continuidade do tratamento, foi realizada nova ecocardiografia, tendo a FEVE realizada através do método Simpson Biplanar, detectando um valor da função sistólica de 26%, sendo o valor referência de 55% para a faixa Figura 2 - Ecocardiograma realizado em acompanhamento hospitalar, durante tratamento quimioterápico.",relato_caso_disfuncao_cardiaca_quimioterapia_filtrado.txt,CD,alto,2
"Das manifestações clínicas mais observadas do LNH, nota-se a linfadenopatia e sintomas B (febre, sudorese noturna e emagrecimento) sendo achados característicos de doença agressiva.",relato_caso_disfuncao_cardiaca_quimioterapia_filtrado.txt,CD,alto,1
"O quadro do paciente relatado confirma a literatura desde a sua admissão no hospital, visto que apresentava os sintomas B e, durante a evolução",relato_caso_disfuncao_cardiaca_quimioterapia_filtrado.txt,CD,alto,1
"120(12):e20230217 Relato de Caso Uma Causa Rara e Tratamento da Fibrilação Ventricular: Toxicidade do 5-Fluorouracil A Rare Cause and Management of Ventricular Fibrillation: 5-Fluorouracil Toxicity Kutluhan Eren Hazir1 e Cenk Sari1 Izmir Provincial Health Directorate Izmir University of Health Sciences Tepecik Training and Research Hospital Ringgold standard institution - Department of Cardiology,1 Konak, İzmir – Turquia Resumo Um homem de 65 anos com histórico de carcinoma de língua procurou o pronto-socorro com contrações insensíveis estando em casa.",relato_caso_fibrilacao_ventricular_cardiotoxicidade_filtrado.txt,STTC,alto,5
"O fato de as causas secundárias terem sido proeminentes em nosso caso, de nenhuma patologia cardíaca óbvia que pudesse causar arritmia ter sido encontrada no exame detalhado e de a arritmia não ter recorrido durante a internação hospitalar, que durou até 15 dias, nos levou a acreditar que esse paciente poderia receber alta sem um cardioversor-desfibrilador implantável.",relato_caso_fibrilacao_ventricular_cardiotoxicidade_filtrado.txt,STTC,alto,2
"Introdução O 5-fluorouracil (5-FU) é um antimetabólito da pirimidina usado no tratamento de tumores sólidos.1 O 5-FU pode causar vários efeitos colaterais cardiovasculares com uma frequência de 1,2-18%.1,2 Entre esses efeitos colaterais, são comuns a angina e o infarto do miocárdio.",relato_caso_fibrilacao_ventricular_cardiotoxicidade_filtrado.txt,STTC,alto,1
"Outros efeitos colaterais raros também foram relatados, incluindo miocardite, pericardite, arritmias incluindo fibrilação atrial, prolongamento do intervalo QT, insuficiência cardíaca e morte.",relato_caso_fibrilacao_ventricular_cardiotoxicidade_filtrado.txt,STTC,alto,2
"No acompanhamento clínico do paciente, a FV não apresentou recidiva.",relato_caso_fibrilacao_ventricular_cardiotoxicidade_filtrado.txt,STTC,alto,0
"Portanto, o paciente não estava agendado para colocação de cardiodesfibrilador implantável (CDI).",relato_caso_fibrilacao_ventricular_cardiotoxicidade_filtrado.txt,STTC,alto,1
Nosso paciente não apresentou novo evento arrítmico até o 2º ano de seguimento após a alta.,relato_caso_fibrilacao_ventricular_cardiotoxicidade_filtrado.txt,STTC,alto,1
"Como isso não foi possível em nosso hospital, não pudemos aplicar um gravador de loop implantável, mas nenhum evento arrítmico foi observado nos exames ambulatoriais de ECG Holter de 24 horas.",relato_caso_fibrilacao_ventricular_cardiotoxicidade_filtrado.txt,STTC,alto,1
"Por outro lado, hipertensão, diabetes, hiperlipidemia e tabagismo, fatores de risco para doença coronariana, não foram diretamente associados à cardiotoxicidade.8 Nas Diretrizes ESC 2022 para o manejo de pacientes com arritmias ventriculares e prevenção de morte súbita cardíaca, a indicação do CDI para sobreviventes de parada cardíaca por FV definida sem causa reversível é classificada como classe Ia.9 Os médicos hesitam em implantar um CDI em pacientes que apresentam morte súbita cardíaca porque consideram o risco de recorrência da morte súbita cardíaca após a alta, mesmo que haja uma causa secundária clara, e para evitar responsabilidade legal.",relato_caso_fibrilacao_ventricular_cardiotoxicidade_filtrado.txt,STTC,alto,5
Os desfibriladores externos parecem ser a melhor solução para esses pacientes.,relato_caso_fibrilacao_ventricular_cardiotoxicidade_filtrado.txt,STTC,alto,0
"Relato de Caso Uma Forma Complicada de Infarto de “Um Segmento” Miocárdico: O Papel da Imagem Cardiovascular A Complicated “One Segment” Myocardial Infarction: The Role of Cardiovascular Imaging Ana Rita Pereira,1 Ana Rita Almeida,1 Inês Cruz,1 Luis Rocha Lopes,2,3,4 Maria José Loureiro,1 Hélder Pereira1,4 Serviço de Cardiologia, Hospital Garcia de Orta EPE,1 Almada - Portugal Barts Heart Centre, Barts Health NHS Trust,2 Londres - Inglaterra Institute of Cardiovascular Science, University College London,3 Londres - Inglaterra Centro Cardiovascular, Centro Académico de Medicina de Lisboa, Universidade de Lisboa,4 Lisboa - Portugal Introdução A incidência de complicações mecânicas (CM) após o infarto do miocárdio (IM) foi reduzida para menos de 1% com o uso rotineiro de terapias de reperfusão primária.1 As CM são classificadas como precoces, incluindo as formas agudas e subagudas, e tardias ou crónicas.2 As primeiras apresentam-se principalmente como choque cardiogênico2 e as últimas podem variar de assintomáticas a apresentação com morte súbita.3 Como todas essas condições podem ter consequências potencialmente letais, são necessários diagnóstico e tratamento oportunos.1-3 Relato de Caso Uma mulher de 57 anos de idade e fumante foi admitida no Serviço de Emergência com dor no peito anterior opressiva, náusea e vômito.",relato_caso_iamcsst_ruptura_parede_livre_filtrado.txt,MI,alto,5
"Quatro dias antes, a paciente reportou sintomas semelhantes com horas de evolução, mas alívio espontâneo.",relato_caso_iamcsst_ruptura_parede_livre_filtrado.txt,MI,alto,0
"Durante a admissão, ela estava consciente e apresentava dor no peito.",relato_caso_iamcsst_ruptura_parede_livre_filtrado.txt,MI,alto,0
"O exame médico revelou hipotensão, taquicardia, polipneia e sinais de diminuição da perfusão periférica.",relato_caso_iamcsst_ruptura_parede_livre_filtrado.txt,MI,alto,0
Um eletrocardiograma de 12 derivações mostrou taquicardia sinusal com elevação do segmento ST de 4 mm nas derivações DI e aVL e depressão do segmento ST de 4 mm nas derivações inferiores.,relato_caso_iamcsst_ruptura_parede_livre_filtrado.txt,MI,alto,1
"Exames complementares revelaram acidose láctica, parâmetros inflamatórios sistêmicos elevados e aumento dos marcadores de necrose miocárdica.",relato_caso_iamcsst_ruptura_parede_livre_filtrado.txt,MI,alto,0
"Com o objetivo de determinar a etiologia do derrame, também foram realizadas sorologias virais, de autoimunidade e tomografia computadorizada toracoabdominal-pélvica com resultados normais.",relato_caso_iamcsst_ruptura_parede_livre_filtrado.txt,MI,alto,0
"Revelou discinesia do segmento médio da parede lateral nas sequências de cine, sinal hiperintenso transmural nas imagens de recuperação de inversão de tau curta ponderada em T2 (Figura 3A e 3B) — compatíveis com edema — e realce tardio transmural (Figura 3C e 3D) — sugerindo necrose miocárdica — desse segmento.",relato_caso_iamcsst_ruptura_parede_livre_filtrado.txt,MI,alto,2
"Relato de Caso Descompensação de Insuficiência Cardíaca por Arbovirose Acute Decompensated Heart Failure due to Chikungunya Fever Carolina Cunto de Athayde,1 Fabio Akio Nishijuka,1 Márcia Cavalcanti de Campos Queiroz,1 Monica Medeiros Luna,1 Jaime Lobo Figueiredo,1 Nadia Matias de Albuquerque,1 Sebastião Carlos Ribeiro de Castilho,1 Renata R.",relato_caso_ic_descompensada_arbovirose_filtrado.txt,CD,alto,4
"Castro1,2 Hospital Naval Marcilio Dias – Cardiologia,1 Rio de Janeiro, RJ - Brasil Brigham and Womens Hospital – Medicine,2 Boston – EUA Introdução A insuficiência cardíaca (IC) é uma condição crônica com prevalência elevada e crescente no mundo.1-3 A identificação da causa de descompensação da IC é extremamente importante para a correta condução dos casos, uma vez que poderá permitir o tratamento específico e prevenir novas internações.",relato_caso_ic_descompensada_arbovirose_filtrado.txt,CD,alto,2
"Apesar de menos frequente, a descompensação pode dar-se por infecções virais, fato que justifica a vacinação contra influenza nestes pacientes.3 Nos últimos anos diversas cidades brasileiras foram acometidas por epidemias de arboviroses antes consideradas raras como as causadas pelo vírus da Zika e da febre chikungunya.5 Tais epidemias chamaram atenção da comunidade científica não só pelo número de pacientes atingidos, mas principalmente pelas frequentes sequelas, como microcefalia em filhos de gestantes acometidas pelo vírus da Zika e pelas artralgias incapacitantes e crônicas secundárias à febre de chikungunya.",relato_caso_ic_descompensada_arbovirose_filtrado.txt,CD,alto,5
"Relato do Caso Paciente masculino de 71 anos, aposentado, procurou serviço de emergência com queixa de dispneia aos pequenos esforços com piora progressiva nos últimos dois dias evoluindo para dispneia em repouso e dispneia paroxística noturna após episódio de febre não aferida na véspera.",relato_caso_ic_descompensada_arbovirose_filtrado.txt,CD,alto,0
"O paciente tinha diagnósticos de miocardiopatia dilatada de etiologia hipertensiva/alcoólica, insuficiência renal crônica não-dialítica, fibrilação atrial permanente, hiperuricemia, doença pulmonar obstrutiva crônica e colelitíase.",relato_caso_ic_descompensada_arbovirose_filtrado.txt,CD,alto,0
"Ao exame admissional, o paciente apresentava pressão arterial de 110 x 84 mmHg, frequência cardíaca de 86 bpm, frequência respiratória de 26 irpm e turgência jugular patológica a 30°.",relato_caso_ic_descompensada_arbovirose_filtrado.txt,CD,alto,0
Havia edema de membros inferiores (2+/4+) e não havia ascite ao exame físico.,relato_caso_ic_descompensada_arbovirose_filtrado.txt,CD,alto,1
"Não havia evidência clínica de angina, novas arritmias ou infecção (Tabela 1).",relato_caso_ic_descompensada_arbovirose_filtrado.txt,CD,alto,1
"Portanto, não foi possível identificar fatores precipitantes para o quadro de IC descompensada.",relato_caso_ic_descompensada_arbovirose_filtrado.txt,CD,alto,0
"No terceiro dia de internação, o paciente evoluiu com piora da função renal, com clearance de creatinina (CockroftGault) de 19 ml/min (creatinina 3,0 mg/dL) e hipercalemia (6,1 mEq/l).",relato_caso_ic_descompensada_arbovirose_filtrado.txt,CD,alto,0
"Neste mesmo dia o paciente apresentou hematúria macroscópica, sendo suspensa a anticoagulação.",relato_caso_ic_descompensada_arbovirose_filtrado.txt,CD,alto,0
"A despeito do uso de dipirona, no dia seguinte houve piora dos sintomas, com artralgia bilateral, de forte intensidade em joelhos, tornozelos, punhos e cotovelos, restringindo a movimentação no leito.",relato_caso_ic_descompensada_arbovirose_filtrado.txt,CD,alto,1
"O paciente não apresentou, dispneia Correspondência: Carolina Athayde • Hospital Naval Marcilio Dias – Cardiologia - Rua Cesar Zama, 185.",relato_caso_ic_descompensada_arbovirose_filtrado.txt,CD,alto,1
"CEP 20725-090, Rio de Janeiro, RJ – Brasil E-mail: carol.athayde@me.com Artigo recebido em 31/10/2018, revisado em 26/01/2019, aceito em 10/03/2019 Palavras-chave Insuficiência Cardíaca/fisiopatologia;",relato_caso_ic_descompensada_arbovirose_filtrado.txt,CD,alto,1
Insuficiência cardíaca e arbovirose Arq Bras Cardiol 2020;,relato_caso_ic_descompensada_arbovirose_filtrado.txt,CD,alto,1
114(4Supl.1):19-22 ou precordialgia e mantinha perfil hemodinâmico A.,relato_caso_ic_descompensada_arbovirose_filtrado.txt,CD,alto,2
"O paciente evoluiu com piora da congestão periférica e central, com edema de membros inferiores (3+/4+), turgência jugular patológica, refluxo hepatojugular, estertoração crepitante bibasal e onda quadrada da pressão arterial sistólica à manobra de Valsalva.",relato_caso_ic_descompensada_arbovirose_filtrado.txt,CD,alto,0
As sorologias para febre chikungunya foram positivas (IgG e IgM).,relato_caso_ic_descompensada_arbovirose_filtrado.txt,CD,alto,1
"Os sintomas começaram 5 dias antes da internação, com febre, adinamia, mialgia e agravamento do estado geral.",relato_caso_miocardite_coinfeccao_arboviroses_filtrado.txt,CD,alto,0
"Ele negou ter dor retro-orbital, fenômenos hemorrágicos ou dor abdominal.",relato_caso_miocardite_coinfeccao_arboviroses_filtrado.txt,CD,alto,0
Ele apresentava uma frequência cardíaca de 120 batimentos por minuto e tinha hipotensão (70/40 mm de Hg).,relato_caso_miocardite_coinfeccao_arboviroses_filtrado.txt,CD,alto,0
O eletrocardiograma (ECG) mostrou taquicardia supraventricular (230 bpm) não responsiva à adenosina endovenosa.,relato_caso_miocardite_coinfeccao_arboviroses_filtrado.txt,CD,alto,0
O teste do antígeno DENV NS1 apresentou resultado negativo.,relato_caso_miocardite_coinfeccao_arboviroses_filtrado.txt,CD,alto,1
113(4):783-786 paciente evoluiu com melhora gradual até recuperação da função ventricular.,relato_caso_miocardite_coinfeccao_arboviroses_filtrado.txt,CD,alto,0
"Discussão As manifestações clínicas típicas da infecção aguda por CHIKV são febre, dor de cabeça, poliartralgia/poliartrite, mialgia, erupção cutânea e fadiga.11 Manifestações atípicas também têm sido descritas afetando os sistemas cardiovascular, nervoso, ocular, cutâneo e outros.6,12-14 O espectro clínico da doença cardíaca causada pelo vírus Chikungunya varia de alterações eletrocardiográficas assintomáticas a complicações cardíacas potencialmente letais.6 As manifestações da infecção aguda pelo DENV são muito semelhantes às da CHIKV, com menor prevalência de manifestações articulares.15 O envolvimento do coração na infecção por DENV não é incomum.",relato_caso_miocardite_coinfeccao_arboviroses_filtrado.txt,CD,alto,6
"A proteína NS1 pode ser detectada em amostras de sangue e tecidos no período de 9 dias após o início da febre.15 Figura 1 – Ecocardiograma transtorácico com fração de ejeção do ventrículo esquerdo alterada (36,39%), hipercontratilidade ventricular esquerda e derrame pericárdico bilateral discreto (A-D).",relato_caso_miocardite_coinfeccao_arboviroses_filtrado.txt,CD,alto,0
"Doenças crônicas como hipertensão arterial, diabetes melito e doença arterial coronariana aumentam drasticamente o desfecho negativo de pacientes infectados.",relato_caso_miocardite_covid19_filtrado.txt,CD,alto,0
"De acordo com dados da American College of Cardiology (ACC), nesse perfil da população em geral, os níveis de hospitalizações decorrentes de COVID-19 chegam a 50%.2 Em virtude de alterações infecciosas decorrentes de infecção, comorbidades crônicas que até então estavam estabilizadas podem tender a descompensação devido à alteração de oferta e demanda de O2 , dentre outros fatores de respostas fisiológicas frente a quadros sépticos.3 Sabe-se previamente que em outras pandemias de etiologia virais, tais como SARS e MERS, cursaram com quadros de miocardite aguda com desfecho trágico do ponto de vista cardiológico, ficando assim a possiblidade de termos a COVID-19 como fonte de miocardite aguda.4 Conforme dados da Sociedade Brasileira de Cardiologia (SBC), em março de 2020, o acometimento cardiovascular relacionado ao novo coronavírus apresentou como desfecho arritmias (16%), isquemia miocárdica (10%), miocardite (7,2%) e choque (1-2%).5 Objetivo Relato de caso de um paciente portador de diabetes melito que contraiu de forma comunitária o novo coronavírus, evoluiu com alterações cardíacas e foi a óbito.",relato_caso_miocardite_covid19_filtrado.txt,CD,alto,3
"Relato de Caso Paciente R.S.C., 33 anos de idade, procurou serviço de emergência em hospital municipal de emergências de São Caetano do Sul, estado de São Paulo, em 12 de março de 2020, com quadro de febre não aferida, dor no corpo e tosse produtiva há 3 dias.",relato_caso_miocardite_covid19_filtrado.txt,CD,alto,3
"Passou por avaliação pelo plantonista do pronto-socorro, em que apresentou exame físico sem alterações descritas, foi medicado com sintomáticos e apresentou melhora, sendo liberado após.",relato_caso_miocardite_covid19_filtrado.txt,CD,alto,0
"Em 14 de março de 2020, o paciente retornou ao pronto atendimento referindo tosse seca, sensação de dispneia e febre (39 graus – aferido em madrugada prévia).",relato_caso_miocardite_covid19_filtrado.txt,CD,alto,1
"Em 16 de março de 2020, o paciente retornou, com piora de sensação de dispneia, sem melhora de adinamia e aumento de tosse seca;",relato_caso_miocardite_covid19_filtrado.txt,CD,alto,1
"Paciente admitido em enfermaria com quadro de tosse produtiva, febre há 4 dias, tendo usado amoxicilina + clavulanato por 2 dias sem melhoras;",relato_caso_miocardite_covid19_filtrado.txt,CD,alto,0
nega viagem para exterior ou contato com pessoa com sintomas de COVID-19.,relato_caso_miocardite_covid19_filtrado.txt,CD,alto,1
Murmúrio vesicular presente com roncos difusos esparsos e diminuído globalmente.,relato_caso_miocardite_covid19_filtrado.txt,CD,alto,1
"Em 17 de março de 2020, paciente evoluiu com mal‑estar geral, quadro de febre (38,3°C), refratária à medicação;",relato_caso_miocardite_covid19_filtrado.txt,CD,alto,1
"Ritmo cardíaco taquicardíaco com abafamento de bulhas, dor torácica, turgência jugular com sinais de disfunção diastólica.",relato_caso_miocardite_covid19_filtrado.txt,CD,alto,0
Murmúrio vesicular presente com estertores crepitantes por todo hemitórax direito.,relato_caso_miocardite_covid19_filtrado.txt,CD,alto,1
"Em 17 de março de 2020, eletrocardiograma não apresentou sinais de isquemia.",relato_caso_miocardite_covid19_filtrado.txt,CD,alto,1
"Foi realizada tomografia computadorizada (TC) de tórax (Figuras 3 a 6), que apresentava intubação seletiva de brônquio fonte direito;",relato_caso_miocardite_covid19_filtrado.txt,CD,alto,1
Há presença de edema miocárdico secundário a processo inflamatório associado a espessamento de parede miocárdica com discreto aumento de área cardíaca.,relato_caso_miocardite_covid19_filtrado.txt,CD,alto,0
"Realizada nova intubação orotraqueal com sucesso, mantidas antibioticoterapia e medidas para insuficiência respiratória aguda.",relato_caso_miocardite_covid19_filtrado.txt,CD,alto,0
"Em 18 de março de 2020, o paciente evoluiu para mal-estar geral – apresentou-se taquicardíaco, taquidispneico sedado (Ramsey 6) em ventilação mecânica.",relato_caso_miocardite_covid19_filtrado.txt,CD,alto,1
"Ritmo cardíaco taquicardíaco, com hipofonese de b1 e b3 em esboço, presença de turgência jugular, edema MMII 1/4+.",relato_caso_miocardite_covid19_filtrado.txt,CD,alto,0
"Vaga de UTI para paciente disponibilizada em hospital das clínicas (HC) de São Paulo, porém paciente evoluiu para óbito no momento de admissão devido a quadro de insuficiência respiratória aguda – COVID-19.",relato_caso_miocardite_covid19_filtrado.txt,CD,alto,1
Os exames realizados no estado de São Paulo – obtidos por Figura 2 – Radiografia de tórax referente ao segundo atendimento 840 Relato de Caso Rente Coronavírus e o Coração Arq Bras Cardiol.,relato_caso_miocardite_covid19_filtrado.txt,CD,alto,4
"Discussão Tendo em vista a atual pandemia e uma doença ainda em investigação, não podemos descartar o acometimento em jovens e crianças, principalmente naqueles portadores de agravos crônicos.",relato_caso_miocardite_covid19_filtrado.txt,CD,alto,0
"O acometimento cardíaco, que leva a quadros de insuficiência cardíaca aguda, vem sendo apontando como uma das maiores fontes de complicações secundárias, com desfecho reservado, sem uma terapia especifica para tratamento, somente o seguimento clássico de insuficiência cardíaca aguda já preconizado em nossas diretrizes, além de controle do foco infeccioso.",relato_caso_miocardite_covid19_filtrado.txt,CD,alto,0
"Conclusão O desfecho cardiovascular é uma possibilidade real na vivência clínica da pandemia do novo coronavírus, sendo necessários o monitoramento e o acompanhamento de insuficiência cardíaca aguda.6 Os sinais clínicos devem sempre nos guiar a aventar tais possibilidades, além de mantermos o alerta para miocardites.",relato_caso_miocardite_covid19_filtrado.txt,CD,alto,1
"Vale lembrar que, muitas vezes, não há disponibilidade em unidades de pronto atendimento, e também apresentar resultados variáveis por ser um exame com resultado operador dependente.",relato_caso_miocardite_covid19_filtrado.txt,CD,alto,0
"2025;38(1):e20240130 1 Relato de Caso S O C I E D A D E B R A S I L E I R A D E C A R D I O L O G I A Evolução Tardia da Cardiomiopatia de Takotsubo Após Implante Transcateter de Valva Aórtica Late Evolution of Takotsubo Cardiomyopathy Following Transcatheter Aortic Valve Implantation Merve Akbulut Çakır,1 Emirhan Çakır,1 Çağlar Kaya,1 Kenan Yalta1 Trakya University Faculty of Medicine,1 Edirne – Turquia Introdução O implante transcateter de valva aórtica (TAVI) é considerado uma opção terapêutica de primeira linha para pacientes sintomáticos que sofrem de estenose aórtica avançada e estão sob risco cirúrgico elevado.",relato_caso_takotsubo_filtrado.txt,STTC,alto,4
"Apresenta-se com alterações eletrocardiográficas, aumento de biomarcadores cardíacos e achados ecocardiográficos típicos.2,3 Neste artigo, descrevemos uma paciente com TTC que havia sido previamente submetida ao TAVI e, posteriormente, ao implante de cardioversor-desfibrilador implantável (CDI).",relato_caso_takotsubo_filtrado.txt,STTC,alto,2
Relato de Caso Uma mulher de 77 anos foi internada com sintomas de falta de ar e chiado.,relato_caso_takotsubo_filtrado.txt,STTC,alto,0
"O exame cardiovascular exibiu um padrão de impulso apical do lado esquerdo, sopro sistólico 2-3/6 e edema depressível bilateral 2+ nos membros inferiores.",relato_caso_takotsubo_filtrado.txt,STTC,alto,1
"Os níveis de troponina ultrassensível e peptídeo natriurético cerebral (BNP) no momento da admissão ao hospital foram de 256 ng/L (valores de referência: 0-19 ng/L) e 114,3 pg/mL (valores de referência: 0-100 pg/mL), respectivamente.",relato_caso_takotsubo_filtrado.txt,STTC,alto,0
A anamnese detalhada da paciente incluía hipertensão e Correspondência: Emirhan Çakır • Trakya University Faculty of Medicine Cardiology Department.,relato_caso_takotsubo_filtrado.txt,STTC,alto,0
"Após o procedimento do TAVI, o bloqueio atrioventricular completo persistiu na paciente e observou-se taquicardia ventricular (TV) não sustentada no acompanhamento.",relato_caso_takotsubo_filtrado.txt,STTC,alto,2
"Por esse motivo, a paciente recebeu um desfibrilador cardíaco implantável (CDI) em vez de um marcapasso permanente.",relato_caso_takotsubo_filtrado.txt,STTC,alto,0
"A paciente, que não apresentava queixas, alterações no exame físico ou piora dos parâmetros laboratoriais, foi chamada para a realização de controle cardiológico ambulatorial e recebeu alta.",relato_caso_takotsubo_filtrado.txt,STTC,alto,0
"Após a avaliação detalhada, a paciente foi internada com pré-diagnósticos de síndrome coronariana aguda e insuficiência cardíaca descompensada.",relato_caso_takotsubo_filtrado.txt,STTC,alto,1
"Após o tratamento bem-sucedido, a paciente recebeu alta sem intercorrências, sob medicação para síndrome coronariana aguda e insuficiência cardíaca.",relato_caso_takotsubo_filtrado.txt,STTC,alto,1
"Durante a consulta ambulatorial programada de cardiologia, as queixas da paciente relacionadas à insuficiência cardíaca desapareceram após o tratamento médico.",relato_caso_takotsubo_filtrado.txt,STTC,alto,0
"Atualmente, são consideradas biomarcadores emergentes nas doenças cardiovasculares, sendo utilizadas na predição de instabilidade da placa aterosclerótica e eventos cardiovasculares adversos de forma independente aos fatores de risco tradicionais.",revisao_ceramidas_plasmaticas_risco_cardiovascular_filtrado.txt,NORM,baixo,4
"Com o objetivo de descrever e discutir o papel das ceramidas na estratificação das doenças cardiovasculares, o desenvolvimento desta revisão narrativa contextualiza a importância desse biomarcador no cenário atual da cardiologia.",revisao_ceramidas_plasmaticas_risco_cardiovascular_filtrado.txt,NORM,baixo,3
"Atualmente, não podemos prevenir com precisão a recorrência de eventos isquêmicos agudos, claramente demonstrando a grande necessidade de biomarcadores que possam prever a instabilidade da placa aterosclerótica coronariana.3 Estudos recentes têm destacado o papel fisiopatológico de outras classes lipídicas além do colesterol de lipoproteína de baixa densidade (low density lipoprotein, LDL) na aterosclerose e no IAM, incluindo ceramidas, esfingomielina, fosfatidilcolinas e ésteres de colesterol.4,5 As ceramidas participam de múltiplas vias envolvidas na sinalização de danos celulares, causando a liberação de citocinas próinflamatórias que modulam diretamente a apoptose por meio da expressão gênica de proteínas pró-apoptóticas.6 Nosso grupo tem trabalhado no desenvolvimento de biomarcadores lipídicos por meio de espectrometria de massa, entre outras técnicas de biologia molecular, para o desenvolvimento de um biomarcador plasmático capaz de diagnosticar a instabilidade da placa aterosclerótica e prever reinfartos cardíacos e a progressão para insuficiência cardíaca (IC) em pacientes com síndrome coronariana aguda (SCA).",revisao_ceramidas_plasmaticas_risco_cardiovascular_filtrado.txt,NORM,baixo,7
"A ceramida é um biomarcador lipídico com papel emergente no diagnóstico precoce e na estratificação de risco, atuando como biomarcador de eventos cardiovasculares (CVs) primários e secundários em pacientes com aterosclerose clínica e subclínica suscetíveis ao desenvolvimento de eventos isquêmicos agudos.5,7 Ceramida: uma breve revisão da fisiologia desse novo biomarcador lipídico.",revisao_ceramidas_plasmaticas_risco_cardiovascular_filtrado.txt,NORM,baixo,6
"Além da placa aterosclerótica, o acúmulo de colesterol também ocorre na musculatura lisa esquelética, interferindo na expressão do transportador de glicose tipo 4, o que ocasiona defeito no transporte muscular de glicose e prejudica sua capacidade de síntese de glicogênio.15 As ceramidas também estimulam a apoptose das células β pancreáticas, reduzindo diretamente a produção de insulina.16 Major et al.,17 demonstraram que as ceramidas podem mimetizar os efeitos citotóxicos do fator de necrose tumoral, da interleucina 1 beta e do interferon-gama nas células β pancreáticas, desencadeando inflamação e apoptose.17 O acúmulo de ceramida nos tecidos resulta na disfunção metabólica de múltiplos órgãos e no desenvolvimento de complicações do diabetes.",revisao_ceramidas_plasmaticas_risco_cardiovascular_filtrado.txt,NORM,baixo,4
"A implicação clínica da ceramida levou à patente desse biomarcador nos EUA e na Europa, estando atualmente disponível para uso clínico em hospitais de referência, como a Mayo Clinic.20 Os exames de rastreamento são necessários para o acompanhamento da aterosclerose subclínica?",revisao_ceramidas_plasmaticas_risco_cardiovascular_filtrado.txt,NORM,baixo,4
"Em uma subanálise do MESA, um grande painel de biomarcadores de proteínas foi avaliado para encontrar marcadores preditivos de progressão de DCV.",revisao_ceramidas_plasmaticas_risco_cardiovascular_filtrado.txt,NORM,baixo,1
"Em comparação aos fatores de risco CV clássicos, biomarcadores de proteína com vários painéis específicos de inflamação, resistência à insulina, lipídios, hemostasia, fibrinólise, dano oxidativo, estresse endotelial, entre outros, foram testados e apresentaram apenas um valor preditivo incremental limítrofe para eventos adversos CVs em longo prazo (AUC: 0,768 vs.",revisao_ceramidas_plasmaticas_risco_cardiovascular_filtrado.txt,NORM,baixo,2
"Portanto, devido aos valores semelhantes da curva característica de operação do receptor (receiver operating characteristic, ROC), novos métodos de rastreamento e estratificação de risco são necessários para melhorar a detecção precoce da instabilidade da placa.23 O desenvolvimento desse biomarcador possibilitaria a intervenção na progressão inicial da placa aterosclerótica, sendo, portanto, essencial para evitar o enorme custo adicional imposto pela fase sintomática da doença aterosclerótica.",revisao_ceramidas_plasmaticas_risco_cardiovascular_filtrado.txt,NORM,baixo,5
"no entanto, devido às limitações na precisão preditiva, principalmente em pacientes com alto risco CV, a otimização das ferramentas de risco por meio da recalibração de escores ou da associação com biomarcadores é frequentemente necessária para uma maior acurácia preditiva em diferentes populações.",revisao_ceramidas_plasmaticas_risco_cardiovascular_filtrado.txt,NORM,baixo,2
"As diretrizes atuais endossam o controle do colesterol LDL e a medição de marcadores inflamatórios inespecíficos, como a proteína C reativa, para a estratificação de risco CV.",revisao_ceramidas_plasmaticas_risco_cardiovascular_filtrado.txt,NORM,baixo,4
"No entanto, a fisiopatologia da aterosclerose envolve a interseção complexa de dislipidemia, inflamação, disfunção endotelial e ativação plaquetária, entre outros fatores.25 Dados recentes demonstram possíveis associações entre cada uma dessas vias com os níveis plasmáticos das ceramidas, indicando associação e causalidade plausíveis desse biomarcador em DCV aguda e instabilidade da placa aterosclerótica.",revisao_ceramidas_plasmaticas_risco_cardiovascular_filtrado.txt,NORM,baixo,5
"Em 423 pacientes com IC aguda, as concentrações plasmáticas de ceramidas foram independentemente associadas à morte e à piora da função ventricular esquerda durante a hospitalização.27 A busca por evidências: ceramidas e predição de risco CV Prevenção primária: O estudo FINRISK incluiu pacientes sem eventos cardiovasculares prévios e mostrou que os níveis circulantes de ceramidas específicas (16:0, 18:0 e 24:1) estão significativamente associados a eventos cardiovasculares maiores subsequentes quando comparados a indivíduos que permaneceram assintomáticos.",revisao_ceramidas_plasmaticas_risco_cardiovascular_filtrado.txt,NORM,baixo,2
"117(6):1191-1201 Artigo de Revisão Relações entre a Redução de Estrogênio, Obesidade e Insuficiência Cardíaca com Fração de Ejeção Preservada Crossroads between Estrogen Loss, Obesity, and Heart Failure with Preserved Ejection Fraction Allan Kardec Nogueira de Alencar,1 Hao Wang,2,6 Gláucia Maria Moraes de Oliveira,3 Xuming Sun,2 Gisele Zapata‑Sudo,4,5 Leanne Groban2,6 Faculdade de Medicina de Petrópolis,1 Petrópolis, RJ - Brasil Wake Forest School of Medicine - Departments of Anesthesiology,2 Winston-Salem, North Carolina - Estados Unidos da América Universidade Federal do Rio de Janeiro - Departamento de Clínica Médica, Faculdade de Medicina,3 Rio de Janeiro, RJ - Brasil Universidade Federal do Rio de Janeiro - Instituto de Ciências Biomédicas,4 Rio de Janeiro, RJ - Brasil Universidade Federal do Rio de Janeiro - Instituto de Cardiologia Edson Saad, Faculdade de Medicina,5 Rio de Janeiro, RJ - Brasil Wake Forest School of Medicine - Internal Medicine-Section of Molecular Medicine,6 Winston-Salem, North Carolina - Estados Unidos da América Resumo A prevalência de obesidade e insuficiência cardíaca com fração de ejeção preservada (ICFEP) aumenta significativamente em mulheres na pós-menopausa.",revisao_estrogenio_obesidade_insuficiencia_cardiaca_filtrado.txt,HYP,baixo,5
"Esse grupo de comorbidades relacionadas à obesidade, direta ou indiretamente (por exemplo, efeito colateral de quimioterapia com antraciclinas)2 frequentemente culmina em insuficiência cardíaca (IC).3-6 Apesar de a obesidade, definida como um índice de massa corporal (IMC) >30 kg/m2, é um preditor independente de IC incidente na população geral, há evidências de que o próprio sobrepeso (IMC 25-29 kg/m2) representa um aumento no risco de IC.7-10 Vários estudos mostram que medidas de adiposidade, tais como circunferência de cintura (CC), são melhores que medidas de adiposidade global, tais como peso e IMC, para se estimar o risco de DCV.11-16 A CC é independentemente associada à disfunção diastólica do ventrículo esquerdo (DDFVE), definida por parâmetros ecocardiográficos.17 Tanto a DDFVE quanto a obesidade são fatores comuns que contribuem para o aparecimento de insuficiência cardíaca com fenótipo de fração de ejeção preservada (ICFEP), e parecem ter uma ligação causal.17-19 Em um breve resumo, pacientes com IC pode ter fenótipos diferentes, de acordo com as características morfofuncionais da doença.20 Em resumo, os pacientes de IC são classificados de acordo com a função VE;",revisao_estrogenio_obesidade_insuficiencia_cardiaca_filtrado.txt,HYP,baixo,5
"aqueles com frações de ejeção VE menor ou igual a 40% se encaixam na categoria de insuficiência cardíaca com fração de ejeção reduzida (ICFER), enquanto os pacientes com frações de ejeção maiores ou iguais a 50% são considerados portadores de ICFEP.",revisao_estrogenio_obesidade_insuficiencia_cardiaca_filtrado.txt,HYP,baixo,1
"Esta análise concentrou-se apenas na ICFEP, e, especificamente, as características do fenótipo do portador de ICFEP “obeso, do sexo feminino e fadigado”.21 Uma revisão da literatura de todos os fenótipos clínicos de ICFEP de referência para o leitor é a realizada por Silverman.20 Independentemente do fenótipo biológico, Palavras-chave Estrogênio;",revisao_estrogenio_obesidade_insuficiencia_cardiaca_filtrado.txt,HYP,baixo,3
"Redução de estrogênio, obesidade e insuficiência cardíaca a ICFEP é uma síndrome clínica heterogênea, que inclui mecanismos fisiopatológicos de cardiomiócitos, de matriz extracelular, vasculares e relacionados a comorbidade.22 Ela é caracterizadas pela redução do volume diastólico final, hipertrofia do ventrículo esquerdo, e aumento do volume atrial esquerdo e da pressão de enchimento do ventrículo esquerdo.",revisao_estrogenio_obesidade_insuficiencia_cardiaca_filtrado.txt,HYP,baixo,4
os pesquisadores enfatizaram que a CC pode representar uma condição pré-clínica progressiva que contribui para a IC diastólica causada por obesidade.36 A CC só foi superada pela idade e se igualou à pressão arterial em magnitude do efeito sobre a E/A.,revisao_estrogenio_obesidade_insuficiencia_cardiaca_filtrado.txt,HYP,baixo,2
"Achados deste estudo também sugerem que, no nível populacional, a massa e a geometria do VE tem pouca ou nenhuma influência na patogênese das anormalidades diastólicas do VE causadas por obesidade.36 É interessante observar que não há relação entre CC e FEVE (disfunção sistólica), confirmando os achados de outros pesquisadores que identificaram a CC como fator de risco para ICFEP.7,9,17,37-43 Por último, é relevante observar que os dados relatados por esses autores foram restritos a mulheres, já que foi recrutada uma proporção limitada de participantes do sexo masculino.36 Dados adicionais do estudo clínico realizado por Canepa et al.,17 em que a amostra, para ambos os sexos, é parte do Baltimore Longitudinal Study of Aging (BLSA - Estudo Longitudinal de Envelhecimento de Baltimore) propõem que uma possível explicação fisiopatológica para a associação entre adiposidade e resultados cardiovasculares piores é sua relação com a DDFVE.",revisao_estrogenio_obesidade_insuficiencia_cardiaca_filtrado.txt,HYP,baixo,6
"Os pesquisadores também identificaram que o efeito da adiposidade central sobre a DDFVE foi independente da adiposidade geral e, surpreendentemente, isso era mais pronunciado em homens que em mulheres.",revisao_estrogenio_obesidade_insuficiencia_cardiaca_filtrado.txt,HYP,baixo,3
"Redução de estrogênio, obesidade e insuficiência cardíaca tratamento preventivo.35 Finalmente, os resultados deste estudo longitudinal confirmaram os achados das investigações transversais relacionadas à relação positiva entre CC e medidas ecocardiográficas da disfunção diastólica (por exemplo, relação E/e’).",revisao_estrogenio_obesidade_insuficiencia_cardiaca_filtrado.txt,HYP,baixo,3
"Esses dados não só corroboram o conceito de que a redistribuição da gordura após a perda de estrogênio pode contribuir para o avanço de doenças cardiovasculares, mas também identifica um biomarcador de risco simples e acessível, o produto de acumulação lipídica, que poderia identificar mulheres na pós-menopausa com risco cardiovascular mais alto.47 Modalidades de tratamento para perda de peso: uma abordagem baseada em evidências para medir resultados em pacientes com ICFEP Considerando a evidência clínica de interferência entre coração e “gordura”, em relação a ICFEP específica do sexo feminino, a redução do peso, ou a manutenção do peso corporal ideal é uma abordagem preventiva para mitigar alterações na estrutura e na função ventricular relacionadas à idade e à perda de estrogênio.",revisao_estrogenio_obesidade_insuficiencia_cardiaca_filtrado.txt,HYP,baixo,5
"Redução de estrogênio, obesidade e insuficiência cardíaca citocinas pró-inflamatórias e outros mediadores prejudiciais (por exemplo, TNF-α e IL-6),72 chamados coletivamente de adipocinas, são liberados dos repositórios adiposos locais.61,72-74 A distinção entre os dois depósitos de gordura e sua respectiva ligação à DDFVE pode ser importante anatômica e bioquimicamente.",revisao_estrogenio_obesidade_insuficiencia_cardiaca_filtrado.txt,HYP,baixo,5
"A adiposidade pericárdica excessiva contém altos níveis de mediadores pró-inflamatórios que, quando liberados dos adipócitos, promovem uma rotação de colágeno, levando à rigidez miocárdica, lusitropismo prejudicado e subsequente DDFVE.82 Realmente, Konishi et al.,61 relataram que um volume alto de gordura pericárdica estava relativamente correlacionado a aumentos derivados de Doppler na pressão de enchimento, ou E/e’, em pacientes com ICFEP.",revisao_estrogenio_obesidade_insuficiencia_cardiaca_filtrado.txt,HYP,baixo,4
"A associação entre FA e câncer vai ainda mais longe, com alguns estudos sugerindo que a FA pode ser um marcador de câncer oculto.",revisao_fibrilacao_atrial_pacientes_cancer_filtrado.txt,CD,alto,1
"As clínicas de cardio-oncologia agora oferecem um atendimento clínico verdadeiramente centrado no paciente e se mostraram úteis na prevenção da toxicidade cardiovascular relacionada à terapia do câncer Tradicionalmente, as clínicas de oncologia limitavam-se ao conhecimento da potencial toxicidade aos cardiomiócitos e o risco de insuficiência cardíaca subsequente.",revisao_fibrilacao_atrial_pacientes_cancer_filtrado.txt,CD,alto,4
Pacientes com FA têm um risco cinco vezes maior de acidente vascular cerebral (AVC) e um risco três vezes maior de insuficiência cardíaca.,revisao_fibrilacao_atrial_pacientes_cancer_filtrado.txt,CD,alto,2
"Além disso, a FA é um preditor independente de morbidade e mortalidade cardiovascular.1,2 Os fatores que predispõem ao desenvolvimento de FA incluem o envelhecimento (a prevalência de FA chega a 10% em pacientes com mais de 80 anos),3 distúrbios cardiovasculares como hipertensão, valvopatia, insuficiência cardíaca, hipertensão pulmonar e uma variedade de comorbidades não-cardiovasculares como diabetes, doença pulmonar crônica, apneia obstrutiva do sono, doença renal crônica, disfunção tireoidiana, doença inflamatória intestinal, entre outras.",revisao_fibrilacao_atrial_pacientes_cancer_filtrado.txt,CD,alto,0
"Outro estudo de coorte nacional concluiu que a FA estava fortemente associada ao câncer metastático.9 Sabe-se que a FA pode ser uma condição assintomática, principalmente em idosos.",revisao_fibrilacao_atrial_pacientes_cancer_filtrado.txt,CD,alto,1
"Estudos demonstraram que até 45% de todos os AVCs relacionados à FA ocorreram em pacientes com FA assintomática e desconhecida.10 Acredita-se que o risco significativo de complicações tromboembólicas da FA seja ainda maior em pacientes com câncer, em quem geralmente prevalece um estado pró-coagulante.",revisao_fibrilacao_atrial_pacientes_cancer_filtrado.txt,CD,alto,4
"Por outro lado, como a associação entre FA e câncer vai ainda mais longe, alguns estudos sugerem que a FA pode ser um marcador de câncer oculto.",revisao_fibrilacao_atrial_pacientes_cancer_filtrado.txt,CD,alto,1
"Além disso, pacientes com câncer frequentemente experimentam dor, hipóxia, anormalidades eletrolíticas e desnutrição, todas as quais podem provocar várias anormalidades autonômicas e endócrino-metabólicas que contribuem para a FA.12 No nível dos átrios, o crescimento tumoral primário ou metastático pode provocar compressão ou invasão local, ambos com potencial para desencadear FA.",revisao_fibrilacao_atrial_pacientes_cancer_filtrado.txt,CD,alto,1
"Tem sido sugerido que o câncer aumenta a incidência de FA através da produção anormal de peptídeos semelhantes aos hormônios tireoidianos.13 Uma variedade de síndromes paraneoplásicas pode levar a desarranjos endócrinos ou metabólicos e preparar o terreno para o desenvolvimento de • Cirurgia do câncer • Quimioterapia • Terapias alvo • Inibidor de checkpoints imunológicos • Terapia hormonal • Radioterapia Relacionados com a terapia do câncer • Produção de autoanticorpos direcionados ao tecido atrial • Produção de peptídeos semelhantes aos hormônios tireoidianos Mecanismos autoimunes Condições sistêmicas comuns • Dor • Estresse emocional • Febre • Hipóxia • Distúrbios eletrolíticos • Desnutrição • Crescimento local • Invasão metastática • Distúrbios endócrinos relacionados à localização do tumor Fatores relacionados ao tumor Disfunção autonômica Fatores de risco compartilhados (idade, diabetes, obesidade, tabagismo) CÂNCER Inflamação Figura 1 – A interação multifatorial e bidirecional entre câncer e fibrilação atrial.",revisao_fibrilacao_atrial_pacientes_cancer_filtrado.txt,CD,alto,4
"Estudos histológicos exploraram ainda mais essa questão, com pacientes com FA apresentando infiltrados de células inflamatórias no endocárdio do átrio direito, o que não foi observado nos controles.15 Vários estudos avaliaram biomarcadores inflamatórios nesse contexto, mostrando que a proteína C reativa (PCR).16,17 interleucina 2 (IL-2),18 interleucina 6 (IL-6),19 fator de necrose tumoral-α (TNF-α) e proteína quimiotática de monócitos 1 (MCP-1)20 estavam significativamente elevados em pacientes com FA quando comparados aos controles.",revisao_fibrilacao_atrial_pacientes_cancer_filtrado.txt,CD,alto,0
"Um interesse renovado neste campo surgiu após os primeiros relatos de FA relacionada ao ibrutinibe, um inibidor de tirosina quinase (TKi) utilizado em pacientes com leucemia linfocítica crônica, linfoma de células do manto e outras malignidades hematológicas.",revisao_fibrilacao_atrial_pacientes_cancer_filtrado.txt,CD,alto,1
"Tem sido sugerido que a terapia de privação androgênica utilizada para tratar o câncer de próstata pode levar a uma maior incidência de FA, possivelmente relacionada ao hipogonadismo relacionado à hormonoterapia.30 Esse risco foi mais pronunciado com a abiraterona, medicamento que também bloqueia as enzimas CYP17, podendo causar hipermineralocortisolismo, promovendo hipocalemia e FA.31 Mais recentemente, os inibidores do checkpoint imunológico (ICI, immune checkpoint inhibitors), também foram associados à FA de início recente devido à sua propensão a causar inflamação miocárdica e pericárdica através de mecanismos autoimunes.32 Outros efeitos colaterais autoimunes dos ICIs, como tireoidite, também podem predispor ao desenvolvimento de FA.",revisao_fibrilacao_atrial_pacientes_cancer_filtrado.txt,CD,alto,4
"A justificativa para o rastreamento da FA A FA não raramente é uma condição assintomática, e o risco de AVC ou morte foi semelhante entre a FA sintomática e a FA silenciosa.33,34 Até 5% dos indivíduos com FA têm um AVC como manifestação clínica inicial de sua arritmia.35 Isso pode representar cerca de um terço de todos os AVCs relacionados à FA.",revisao_fibrilacao_atrial_pacientes_cancer_filtrado.txt,CD,alto,4
"Diagnóstico e Manejo da FA em Pacientes com Câncer Tabela 1 – Frequência relatada de fibrilação atrial induzida por terapia de câncer Classe terapêutica Agente medicamentoso Frequência de FA relatada Agentes alquilantes Antraciclinas 0,55 – 10,3% Melfalano 10,8 – 33% Bussulfan 6,4% Ciclofosfamida 2% Antimetabólitos 5-Fluorouracil 5% Capecitabina 0,5 – 1,1% Gemcitabina 0-8,1% (*) Taxanes Paclitaxel 0,18 - 1% Imunomoduladores Talidomida 4,7% Lenalidomida 4,6 - 7% Derivados de platina Cisplatina 10-32% Inibidores da tirosina quinase Ibrutinibe (BTK) 3-16% Nilotinibe (BCR-ABL1) 0,8% Ponatinibe (BCR-ABL1) 3-7% Vemurafenibe (BRAF) 1,5% Imatinibe (BCR-ABL1) 0,55 – 33% Dasatinibe (BCR-ABL1) 5,6% Sorafenibe (VEGFR) 5,1% (**) Inibidores do proteassoma Bortezomibe 2,2% Carfilzomibe 3,2 – 3,8% Anticorpos monoclonais Trastuzumabe (HER2/ERBB2) 1,2% Bevacizumabe (VEFG) 2,2% Cetuximabe (EGFR/HER1) 4,8% Alentuzumabe (CD52) 1,2% Rituximabe (CD20) 1% Outros Interleucina 2 4,3 – 8% ICIs Nivolumabe (anti-PD1) 13% Pembrolizumabe (anti-PD1) Ipilimumabe (anti-CTLA4) Terapia com células CAR-T 2,2% Hormonoterapia Degarelix 2% Abiraterona 1 – 5% Radioterapia 0,5 –3,2% (*) Incidência de FA de 0% quando usada isoladamente, 8% quando associada à vinorelbina.",revisao_fibrilacao_atrial_pacientes_cancer_filtrado.txt,CD,alto,4
"Artigo de Revisão GDF-15 como Biomarcador em Doenças Cardiovasculares GDF-15 as a Biomarker in Cardiovascular Disease Bruna Miers May,1 Mauricio Pimentel,2 Leandro Ioschpe Zimerman,2 Luis Eduardo Rohde2 Universidade Federal do Rio Grande do Sul - Programa de Pós-Graduação em Ciências da Saúde: Cardiologia e Ciências Cardiovasculares,1 Porto Alegre, RS - Brasil Hospital de Clinicas de Porto Alegre,2 Porto Alegre, RS - Brasil Resumo Nos últimos anos, vários biomarcadores estão ganhando importância clínica na avaliação diagnóstica e prognóstica de pacientes com doenças cardiovasculares.",revisao_gdf15_biomarcador_doencas_cardiovasculares_filtrado.txt,NORM,baixo,3
Este novo marcador foi positivamente correlacionado com aumento do risco de eventos cardiovasculares em estudos populacionais e configurou-se preditor independente de mortalidade e prognóstico adverso em pacientes com doença arterial coronariana e insuficiência cardíaca.,revisao_gdf15_biomarcador_doencas_cardiovasculares_filtrado.txt,NORM,baixo,1
"Antigamente chamado de citocina inibidora de macrófagos-1 (MIC-1), o GDF-15 foi descoberto há mais de 20 anos e assim nomeado devido a um possível papel antagonista após a ativação de macrófagos por citocinas inflamatórias (interleucinas e fator de necrose tumoral) em estudos experimentais.",revisao_gdf15_biomarcador_doencas_cardiovasculares_filtrado.txt,NORM,baixo,1
"A expressão desse marcador é regulada por estresse e injúria tecidual, e está associada a condições inflamatórias em diferentes órgãos, inclusive no miocárdio.1 Em modelos animais, o GDF-15 apresentou-se inicialmente como uma proteína cardioprotetora, prevenindo morte celular, e dilatação e hipertrofia cardíaca.",revisao_gdf15_biomarcador_doencas_cardiovasculares_filtrado.txt,NORM,baixo,1
"Expressão aumentada do marcador foi encontrada após estímulos agressores como sobrecarga de pressão e isquemia tecidual.2,3 A ativação da enzima NOS-2 (óxido nítrico sintase 2), em situações de estresse, participa na regulação positiva de GDF-15 por vias de sinalização intracelular dependentes de óxido nítrico.3 Em ratos geneticamente modificados para apresentarem deficiência de GDF-15, na isquemia miocárdica induzida, eram observadas áreas de infarto maiores com maior apoptose de miócitos, indicando uma possível função de limitação de dano miocárdico do marcador.3 A Figura 1 apresenta os principais fatores que influenciam a expressão do GDF-15.",revisao_gdf15_biomarcador_doencas_cardiovasculares_filtrado.txt,NORM,baixo,1
"Após essa descoberta, os mesmos autores realizaram estudo em crianças com cardiopatia congênita, encontrando níveis significativamente maiores de GDF-15 no plasma de crianças com cardiopatia e deficiência de crescimento, em relação a controles saudáveis e a cardiopatas com crescimento normal.4 Após os resultados dos trabalhos iniciais, o GDF-15 passou a ser investigado em vários contextos clínicos, apresentando-se na maior parte dos estudos como um biomarcador associado a maior risco de desenvolver eventos cardiovasculares.5-9 Atualmente, a dosagem sérica do GDF-15 encontra-se disponível comercialmente apenas na Europa, em outras regiões os kits são acessíveis apenas para fins de pesquisa clínica e experimental.10 A dosagem é realizada por imunoensaios, ensaios por quantificação de complexos antígeno-anticorpo marcados por radioisótopos (técnica de imunorradiometria – IRMA), por enzimas (ELISA) ou luminescentes (quimioluminescência).",revisao_gdf15_biomarcador_doencas_cardiovasculares_filtrado.txt,NORM,baixo,2
"O método mais utilizado hoje é o por ELISA, pelo menor custo e maior acessibilidade.11,12 O objetivo deste artigo é revisar o papel do GDF-15 em diferentes cenários da cardiologia, avaliando-se a possibilidade de sua incorporação como biomarcardor no diagnóstico e estratificação de risco de cardiopatias prevalentes.",revisao_gdf15_biomarcador_doencas_cardiovasculares_filtrado.txt,NORM,baixo,1
"116(3):494-500 vascular cerebral e morte cardiovascular) nas participantes com níveis da citocina acima de 856 ng/L.13 Em uma coorte com 1391 pacientes sem doença cardiovascular estabelecida, o marcador foi preditor independente de mortalidade por todas as causas e de morte cardiovascular com hazard ratio (HR) de 1,5 (IC 95%: 1,3-1,8), com poder discriminatório comparável ao peptídeo natriurético cerebral (BNP) (HR 1,3;",revisao_gdf15_biomarcador_doencas_cardiovasculares_filtrado.txt,NORM,baixo,1
"IC 95%: 1,2-1,5).14 Dados do Framingham Heart Study, onde foram avaliados 85 biomarcadores (incluindo BNP, PCR e GDF-15) em 3523 participantes ao longo de 14 anos de seguimento, mostraram que o GDF-15 foi o único marcador, em análise multivariada, a manter associação significativa com os três desfechos avaliados: eventos cardíacos ateroscleróticos (HR 1,43;",revisao_gdf15_biomarcador_doencas_cardiovasculares_filtrado.txt,NORM,baixo,2
"IC 95%: 1,20-1,58), insuficiência cardíaca (IC) (HR 2,08;",revisao_gdf15_biomarcador_doencas_cardiovasculares_filtrado.txt,NORM,baixo,0
"IC 95%: 1,76-2,17).8 Doença Arterial Coronariana (DAC) O GDF-15 foi estudado em pacientes admitidos no hospital após síndrome coronariana aguda (SCA) e em portadores de doença coronariana estável.",revisao_gdf15_biomarcador_doencas_cardiovasculares_filtrado.txt,NORM,baixo,1
"Síndromes Coronarianas Agudas Pacientes que apresentavam níveis aumentados de GDF-15 em dosagem realizada na internação devido à SCA evoluíram com um número maior de eventos como morte cardiovascular, reinfarto e acidente vascular cerebral em 12 meses de seguimento após a alta, demostrando um valor prognóstico com relação à progressão de doença aterosclerótica.15 Outro estudo observacional recente demonstrou a mesma associação prognóstica do marcador com eventos cardiovasculares maiores (mortalidade total, infarto não fatal e internação por IC).",revisao_gdf15_biomarcador_doencas_cardiovasculares_filtrado.txt,NORM,baixo,2
"Porém, em análise multivariada ajustada para outros fatores de risco, o GDF15 permaneceu significativo apenas para mortalidade e desenvolvimento de IC.16 Ainda no contexto de doença aguda, um ensaio clínico avaliando estratégia invasiva versus conservadora na SCA sem supradesnivelamento do segmento ST encontrou incidência significativa mais alta de eventos nos pacientes com níveis elevados de GDF-15 alocados no grupo da estratégia conservadora.",revisao_gdf15_biomarcador_doencas_cardiovasculares_filtrado.txt,NORM,baixo,1
"Os autores sugerem que a dosagem do marcador possa complementar os escores de risco na seleção daqueles que se beneficiam mais da estratégia invasiva precoce.17 Corroborando com essa ideia, o uso do escore GRACE, ajustado para GDF-15, associado à medida dos níveis de GDF15 na admissão ao hospital, aumentou a acurácia do escore [área sob a curva (AUC) ROC de 0,79 para 0,85].",revisao_gdf15_biomarcador_doencas_cardiovasculares_filtrado.txt,NORM,baixo,1
"Níveis maiores na dosagem realizada após 24 horas se correlacionaram à maior mortalidade em 30 dias.21 Em relação à extensão do infarto e prognóstico, quanto maior a dosagem do marcador, maior o risco de remodelamento e dilatação ventricular em 12 meses.22 Estudo prospectivo analisou 92 biomarcadores em 847 pacientes com doença coronariana acompanhados por seis anos após infarto agudo.",revisao_gdf15_biomarcador_doencas_cardiovasculares_filtrado.txt,NORM,baixo,0
"GDF-15 foi um dos dois únicos marcadores com poder para predizer mortalidade, após ajuste para fatores clínicos.23 Figura 1 – Fatores que modificam a expressão do fator de crescimento e diferenciação celular-15 (GDF-15) no sistema cardiovascular.",revisao_gdf15_biomarcador_doencas_cardiovasculares_filtrado.txt,NORM,baixo,2
"p < 0,001) e para reinfarto não-fatal 1,95 (IC 95%: 1,72-2,21, p < 0,001).25 Ainda no cenário de SCAs, em que está indicado o uso de dupla antiagregação plaquetária, o GDF-15 também foi preditor de risco de sangramento.15 Em uma análise posthoc do ensaio clínico PLATO (ticagrelor x clopidogrel no IAMCSST), foi identificado um risco três vezes mais alto de sangramento nos pacientes que mantém níveis do marcador acima de 1800 ng/L em dosagem realizada um mês após a SCA, independentemente da droga utilizada.26 Nesse contexto, em que os níveis de GDF-15 mantêm-se elevados após o evento agudo, um marcador de risco de sangramento pode ajudar na decisão de manter a terapia antitrombótica dupla além do tempo usualmente recomendado.",revisao_gdf15_biomarcador_doencas_cardiovasculares_filtrado.txt,NORM,baixo,1
"Doença Coronariana Estável Na doença coronariana crônica, GDF-15 foi dosado em uma coorte com 14577 pacientes portadores de angina estável, revascularização prévia, e doença multiarterial ou infarto há mais de um ano.",revisao_gdf15_biomarcador_doencas_cardiovasculares_filtrado.txt,NORM,baixo,1
"p = 0,006), de forma independente a outros marcadores como troponina, proteína C reativa e BNP.",revisao_gdf15_biomarcador_doencas_cardiovasculares_filtrado.txt,NORM,baixo,0
"Neste estudo,27 o GDF-15 não se correlacionou com novo evento trombótico após ajuste para os demais biomarcadores.",revisao_gdf15_biomarcador_doencas_cardiovasculares_filtrado.txt,NORM,baixo,1
"Insuficiência Cardíaca (IC) O GDF-15 foi avaliado em diversas coortes de pacientes portadores de IC e comparado, na maioria, a peptídeos natriuréticos [BNP ou fragmento N-terminal do pró-hormônio do BNP (NT-proBNP)].",revisao_gdf15_biomarcador_doencas_cardiovasculares_filtrado.txt,NORM,baixo,1
"O NT-proBNP, um marcador de estresse hemodinâmico do ventrículo esquerdo, está aumentado na IC com fração de ejeção reduzida de forma mais significativa do que na IC com fração de ejeção preservada.",revisao_gdf15_biomarcador_doencas_cardiovasculares_filtrado.txt,NORM,baixo,0
"O GDF-15 apresentou-se como importante preditor de eventos adversos e mortalidade, independentemente da fração de ejeção e nível sérico de NT-proBNP.28-33 IC com Fração de Ejeção Teduzida (ICFEr) A avaliação do GDF-15 em diferentes estágios da IC define-o como um biomarcador de evolução de doença, aumentando exponencialmente conforme a piora de classe funcional e o remodelamento do ventrículo esquerdo.",revisao_gdf15_biomarcador_doencas_cardiovasculares_filtrado.txt,NORM,baixo,1
"Os níveis de GDF-15 já estão elevados na fase pré-clínica da IC (estágio B) e a associação do marcador ao NT-proBNP aumentou a acurácia diagnóstica para IC, inclusive nessa fase inicial.34 Na mesma direção, outro estudo prospectivo correlacionou o GDF-15 à progressão da disfunção ventricular e perda de capacidade funcional em pacientes com fração de ejeção menor que 35%, encontrando níveis séricos progressivamente maiores conforme a gravidade da IC.",revisao_gdf15_biomarcador_doencas_cardiovasculares_filtrado.txt,NORM,baixo,1
"p=0,34), que incluía morte, morte súbita com ressuscitação, hospitalizações por IC, ou necessidade de uso de inotrópicos ou vasodilatadores intravenosos por mais de 4h sem hospitalização.",revisao_gdf15_biomarcador_doencas_cardiovasculares_filtrado.txt,NORM,baixo,0
O incremento no nível sérico de GDF-15 durante o estudo não foi influenciado pelos tratamentos prescritos.36 O papel do marcador foi estudado ainda em pacientes submetidos a implante de ressincronizador cardíaco.,revisao_gdf15_biomarcador_doencas_cardiovasculares_filtrado.txt,NORM,baixo,1
"Apesar de se demonstrar o valor prognóstico do biomarcador nesta população, o nível basal e a variação em um ano pós-implante não foram capazes de predizer resposta ao dispositivo.37 No cenário de doença avançada, foram dosados cinco biomarcadores (PCR, NT-proBNP, GDF-15, galectina-3 e troponina) em pacientes com classe funcional NYHA (New 496 Artigo de Revisão May et al.",revisao_gdf15_biomarcador_doencas_cardiovasculares_filtrado.txt,NORM,baixo,1
"Entre eles, o GDF-15 foi o melhor preditor de mortalidade a longo prazo, inclusive com maior valor preditivo que NT-proBNP (AUC 0,78 versus 0,63).38 Em pacientes com miocardiopatia não-isquêmica grave, GDF-15 foi analisado em biópsias realizadas durante implante de dispositivos de assistência ventricular ou transplante cardíaco, e se mostrou fortemente correlacionado ao grau de fibrose miocárdica nessas amostras.39 Nesta coorte, observouse que um mês após o implante do suporte circulatório, os níveis do marcador reduziram-se significativamente comparado ao pré-implante, sugerindo mais uma vez a sua associação com o grau de disfunção miocárdica.39 IC com Fração de Ejeção Preservada (ICFEp) Atualmente, os critérios diagnósticos para ICFEp são baseados principalmente em sintomas de IC e alterações ecocardiográficas sugerindo elevação nas pressões de enchimento cardíacas.",revisao_gdf15_biomarcador_doencas_cardiovasculares_filtrado.txt,NORM,baixo,1
"A combinação de NT-proBNP e GDF15 elevados aumentou a acurácia diagnóstica (atingindo uma AUC de 0,93) para ICFEp.40 Ainda, estudos de coorte prospectivos com esta população demonstraram que quanto maior o nível sérico do GDF-15, maior o grau de disfunção diastólica e pior a classe funcional NYHA.41,42 Um desafio diagnóstico é a definição de ICFEp em obesos mórbidos, devido a limitações ecocardiográficas como janela desfavorável, dispneia multifatorial e níveis reduzidos de BNP.",revisao_gdf15_biomarcador_doencas_cardiovasculares_filtrado.txt,NORM,baixo,1
"Quanto mais alta a concentração do marcador ou se os níveis aumentam durante a internação, maior o risco de reinternações por IC e mortalidade após a alta hospitalar.44,45 Estudo46 com 55 pacientes portadores de ICFEr realizou dosagens seriadas de diversos biomarcadores durante a internação por descompensação cardíaca e 30 dias após a alta, demonstrando que a curva do GDF-15 se assemelha à de dois outros marcadores: ST2 (biomarcardor pertencente à família dos receptores de interleucina-1) e BNP.",revisao_gdf15_biomarcador_doencas_cardiovasculares_filtrado.txt,NORM,baixo,1
"Neste estudo, um rápido decréscimo no nível do marcador é evidenciado com a melhora clínica dos pacientes, diferente do que ocorreu com outras proteínas inflamatórias como proteína C reativa, TNF-alfa, IL-6, galectinas e mieloperoxidase.46 Modelos construídos adicionando o GDF-15 a marcadores clássicos como troponina e BNP demonstram que a sua dosagem na IC aguda acrescenta valor prognóstico.",revisao_gdf15_biomarcador_doencas_cardiovasculares_filtrado.txt,NORM,baixo,1
"Esse dado sugere a presença de várias vias fisiopatológicas independentes em pacientes hospitalizados por IC e novamente denota relevância clínica do marcador nesse cenário.47,48 A Figura 2 apresenta as principais correlações do GDF-15 com diferentes aspectos clínicos da IC.",revisao_gdf15_biomarcador_doencas_cardiovasculares_filtrado.txt,NORM,baixo,1
"p < 0,001).27 Em um estudo coorte recente, realizou-se a dosagem de ST2 e GDF-15 em 52 pacientes portadores de IC de etiologia não isquêmica, acompanhados por um tempo médio de sete anos.",revisao_gdf15_biomarcador_doencas_cardiovasculares_filtrado.txt,NORM,baixo,1
"p = 0,03).49 Fibrilação Atrial (FA) Em pacientes com FA, em tratamento adequado e anticoagulados, aqueles com níveis mais elevados do marcador apresentaram taxas 4 a 5 vezes mais altas de mortalidade, independentemente da idade, sexo e escore CHA2DS2VASc.50 Resultado semelhante foi encontrado por Sharma et al., 51 sendo o GDF-15 fortemente associado à morte por progressão da IC e sangramento.51 Pacientes portadores de FA não valvar, não anticoagulados, cujos níveis de GDF-15 sérico são acima de 809 ng/dL têm mais risco de ter trombo no átrio esquerdo, independente de idade, volume do átrio e CHA2DS2VASc.52 Em um estudo com 14.798 pacientes anticoagulados, foi encontrado um risco 3,5 vezes mais elevado de sangramento maior nos participantes com GDF-15 elevado, independente da terapia antitrombótica utilizada e demais comorbidades.50 Após esse achado, foi desenvolvido nesta população e validado em outra amostra semelhante o escore de risco ABC (baseado em idade, biomarcadores - GDF-15, hemoglobina e troponina - e história clínica de sangramento), para sangramentos, sendo o GDF-15 o integrante de maior contribuição para o risco.",revisao_gdf15_biomarcador_doencas_cardiovasculares_filtrado.txt,NORM,baixo,1
"Avaliando-se biomarcadores possivelmente representativos dessas condições, demonstrou-se que as proteínas ST2, 497 Artigo de Revisão May et al.",revisao_gdf15_biomarcador_doencas_cardiovasculares_filtrado.txt,NORM,baixo,0
"Conclusão O GDF-15 é um biomarcador sérico cuja expressão parece ser afetada por estresse, injúria tecidual e inflamação, embora seu eixo fisiopatológico ainda não seja completamente entendido.",revisao_gdf15_biomarcador_doencas_cardiovasculares_filtrado.txt,NORM,baixo,1
A utilização do GDF-15 na prática clínica como marcador prognóstico e sua capacidade de orientar a tomada de decisão clínica depende ainda de novos estudos com maior número de pacientes.,revisao_gdf15_biomarcador_doencas_cardiovasculares_filtrado.txt,NORM,baixo,1
Figura 2 – Implicação do aumento nos níveis de fator de crescimento e diferenciação celular-15 (GDF-15) em diferentes aspectos clínicos na insuficiência cardíaca.,revisao_gdf15_biomarcador_doencas_cardiovasculares_filtrado.txt,NORM,baixo,1
ICFEp: insuficiência cardíaca com fração de ejeção preservada;,revisao_gdf15_biomarcador_doencas_cardiovasculares_filtrado.txt,NORM,baixo,0
ICFEr: insuficiência cardíaca com fração de ejeção reduzida;,revisao_gdf15_biomarcador_doencas_cardiovasculares_filtrado.txt,NORM,baixo,0
"* Uso do biomarcador como variável contínua, sem ponto de corte específico.",revisao_gdf15_biomarcador_doencas_cardiovasculares_filtrado.txt,NORM,baixo,0
Referências 499 Artigo de Revisão May et al.,revisao_gdf15_biomarcador_doencas_cardiovasculares_filtrado.txt,NORM,baixo,0
"Introdução As doenças cardiovasculares (DCV) são a principal causa de morte no mundo, causando um fardo económico significativo de milhares de milhões por ano no sistema de saúde.1 A aterosclerose, caracterizada pela obstrução das paredes das artérias e inflamação dos vasos sanguíneos, leva a eventos cardiovasculares.2 Sabe-se que a inflamação crônica é considerada importante na patogênese da aterosclerose e das DCV através de mecanismos que incluem lesão endotelial vascular, estresse oxidativo e trombose.3 Na aterosclerose, a desregulação do sistema imunológico é mediada pelos glóbulos brancos, o que ocorre através da liberação de fatores pró-inflamatórios e anti-inflamatórios causadores do surgimento de DCV, como doença arterial coronariana (DAC), infarto agudo do miocárdio (IAM) ou acidente vascular cerebral (AVC).4 A origem e o desenvolvimento das placas ateroscleróticas estão associados à ativação do processo inflamatório.5 O aumento da contagem de plaquetas tem potencial para gerar processos inflamatórios e um estado pró-trombótico;",revisao_indices_hematologicos_inflamatorios_mortalidade_filtrado.txt,NORM,baixo,1
"Em contraste, os linfócitos regulam a resposta imune.8 Atualmente, novos marcadores têm sido caracterizados como potenciais fatores prognósticos para mortalidade em DCV, denominados índices inflamatórios hematológicos.",revisao_indices_hematologicos_inflamatorios_mortalidade_filtrado.txt,NORM,baixo,5
"Esses marcadores são vantajosos porque são de fácil acesso, possuem cálculos simples e são de baixo custo, o que facilita sua aplicação na prática.9 Além disso, são importantes para detectar indivíduos com alto risco de desenvolver DCV para que seja possível realizar intervenções prévias e obter informações relacionadas ao seu prognóstico.7 Os marcadores hematológicos inflamatórios incluem a relação NLR – neutrófilos/linfócitos;",revisao_indices_hematologicos_inflamatorios_mortalidade_filtrado.txt,NORM,baixo,5
Índices Hematológicos e Risco Cardiovascular O presente estudo é uma revisão narrativa que visa reunir e preparar uma síntese e uma avaliação crítica da potencial contribuição destes novos marcadores hematológicos para o risco cardiovascular e a mortalidade.,revisao_indices_hematologicos_inflamatorios_mortalidade_filtrado.txt,NORM,baixo,3
"Posteriormente, dois avaliadores realizaram a leitura dos títulos e resumos dos artigos identificados, sendo excluídos 859 artigos que avaliavam a associação entre índices hematológicos inflamatórios e outras condições clínicas ou estudos não relacionados aos índices, sendo selecionados 46 artigos para leitura na íntegra.",revisao_indices_hematologicos_inflamatorios_mortalidade_filtrado.txt,NORM,baixo,2
"Em um estudo de coorte retrospectivo realizado com 211 pacientes com arteriosclerose obliterante de membros inferiores (ASO), a NRL foi associada a maior readmissão de pacientes e maior taxa de mortalidade no período de um ano, mostrando-se um marcador útil para monitorar a evolução da condição clínica de pacientes com ASO de membros inferiores, que pode ser usada como preditor de alto risco cardiovascular e mortalidade geral.7 A dNLR é proposta como uma possibilidade de substituir o NLR quando há apenas informações sobre a contagem global de leucócitos e neutrófilos, não sendo necessária a contagem de linfócitos.18 Figura 1 – Diagrama de fluxo dos artigos incluídos na revisão.",revisao_indices_hematologicos_inflamatorios_mortalidade_filtrado.txt,NORM,baixo,5
"Após, é discutido o papel dos miRNAs como biomarcadores circulantes de DCVs e então o seu papel no remodelamento cardíaco e na aterosclerose.",revisao_mirnas_fisiopatologia_cardiovascular_filtrado.txt,NORM,baixo,3
"Apesar da complexidade e dos desafios, a identificação dos miRNAs desregulados nas DCVs é crucial, uma vez que possibilita uma melhor compressão dos mecanismos celulares e moleculares envolvidos, assim como auxilia o desenvolvimento de marcadores circulantes de diagnóstico e prognóstico mais acurados e de novas estratégias terapêuticas para os diferentes estágios da DCV.",revisao_mirnas_fisiopatologia_cardiovascular_filtrado.txt,NORM,baixo,2
"Desde que foram descobertos em 1993,1 diversos miRNAs relacionados a processos biológicos como reguladores gênicos já foram catalogados.",revisao_mirnas_fisiopatologia_cardiovascular_filtrado.txt,NORM,baixo,1
"Estima-se que ainda haja diversos miRNAs desconhecidos, o que os torna uma das maiores classes de reguladores gênicos.",revisao_mirnas_fisiopatologia_cardiovascular_filtrado.txt,NORM,baixo,1
"Após, é discutido o papel dos miRNAs como biomarcadores circulantes e então o seu papel no remodelamento cardíaco e na aterosclerose.",revisao_mirnas_fisiopatologia_cardiovascular_filtrado.txt,NORM,baixo,3
"Atualmente, sabese que a maior porção do transcriptoma produzido pelo genoma de eucariotos é composta por RNAs não-codificantes, que podem ser classificados em funcionais e reguladores.",revisao_mirnas_fisiopatologia_cardiovascular_filtrado.txt,NORM,baixo,1
"Entre os RNAs funcionais destacam-se o RNA transportador (tRNA), o RNA ribossomal (rRNA), o pequeno RNA nuclear (snRNA) e o pequeno RNA nucleolar (snoRNA).",revisao_mirnas_fisiopatologia_cardiovascular_filtrado.txt,NORM,baixo,1
"Dentre os RNAs reguladores destacam-se o miRNA, o pequeno RNA de interferência (siRNA), o piwiRNA (piRNA) e o longo RNA não-codificador (lncRNA).5 Dessa ampla variedade de classes de RNAs não‑codificantes, os miRNAs se tornaram alvo de grande interesse devido à associação observada entre a sua desregulação e o surgimento de alterações fenotípicas e patológicas.6 Os miRNAs são definidos como pequenas moléculas endógenas de ácido 738 Artigo de Revisão Silva et al miRNAs e doença cardiovascular Arq Bras Cardiol.",revisao_mirnas_fisiopatologia_cardiovascular_filtrado.txt,NORM,baixo,3
"Atuam como reguladores da expressão gênica em plantas e animais ao nível pós-transcricional, pela clivagem de um RNA mensageiro (RNAm) alvo ou da repressão de sua tradução.7 O primeiro miRNA (lin-4) foi descrito em 1993 pelo grupo de Rosalind Lee, estando ele associado à regulação do desenvolvimento larval de Caenorhabditis elegans (C.",revisao_mirnas_fisiopatologia_cardiovascular_filtrado.txt,NORM,baixo,5
"Assim, os miRNAs podem ser detectados de forma confiável em amostras plasmáticas, sendo apontados como potenciais biomarcadores no diagnóstico das DCVs.19 O fato dos miRNAs serem sequências pequenas e agirem sem a necessidade de pareamento completo faz com que um único miRNA possa ter como alvo dezenas de RNAm, assim como um único RNAm pode ser alvo de múltiplos miRNAs, gerando assim um grande poder regulatório da expressão genética.20 miRNAs como biomarcadores circulantes Estudos apontam que o nível circulante de miRNAs está alterado em algumas DCVs, despertando assim o interesse em seu uso como ferramenta de diagnóstico clínico e prognóstico, Figura 1 – Síntese do miRNA e sua ação sobre o RNA mensageiro.",revisao_mirnas_fisiopatologia_cardiovascular_filtrado.txt,NORM,baixo,6
Aqui são ilustrados alguns dos miRNAs encontrados no soro ou plasma sanguíneo que poderiam ser utilizados como biomarcadores de diagnóstico ou prognóstico de doenças cardiovasculares.,revisao_mirnas_fisiopatologia_cardiovascular_filtrado.txt,NORM,baixo,3
"Os miRNAs poderiam ser utilizados, por exemplo, como biomarcadores da insuficiência cardíaca (IC), fibrilação atrial, infarto agudo do miocárdio (IAM) e aterosclerose, por meio de sua detecção no plasma sanguíneo (Figura 2).",revisao_mirnas_fisiopatologia_cardiovascular_filtrado.txt,NORM,baixo,3
"Já está bem estabelecido que a presença do miR-1 no sangue auxilia a identificação do IAM, mas sua utilização como biomarcador a longo-prazo não é recomendada, devido ao curto tempo no qual ele permanece na circulação sanguínea.",revisao_mirnas_fisiopatologia_cardiovascular_filtrado.txt,NORM,baixo,3
"Após análise de regressão logística, foi observado que um conjunto de 5 miRNAs (miR-106a-5p, -424-5p, miR-144-3p, miR-660-5p e let-7g-5p) melhor prediziam o IAM, com 77% de acerto para ambos os gêneros.27 Jia et al.,28 mostraram que os miR-30d-5p e -125b-5p também possuem valor diagnóstico para o IAM, quando avaliados em pacientes com síndrome coronariana aguda.28 Em modelo animal de IAM cirúrgico, o miR-208a apresentou níveis circulantes elevados 4 horas e 24 horas após a indução do infarto.25 Diversos estudos já foram realizados com o foco em se avaliar o valor prognóstico e/ou diagnóstico dos miRNAs na IC, assim como no tratamento da IC.",revisao_mirnas_fisiopatologia_cardiovascular_filtrado.txt,NORM,baixo,4
"Apesar do peptídeo natriurético cerebral (BNP) e do pró-peptídeo natriurético cerebral N-terminal (NT-proBNP) serem utilizados atualmente como padrão ouro no diagnóstico da IC, os miRNAs têm sido estudados exaustivamente como potenciais biomarcadores.",revisao_mirnas_fisiopatologia_cardiovascular_filtrado.txt,NORM,baixo,2
"Como exemplo, uma recente revisão sistemática com meta‑análise mostrou que o miR-423-5p, associado ao peptídeo natriurético atrial (ANP), teria um potencial valor diagnóstico para a detecção da IC.29 Na IC crônica, Cakmak et al.,30 mostraram que o miR-182 teria maior valor prognóstico para mortalidade cardiovascular, caracterizada pela morte súbita inexplicável, IC descompensada ou arritmia hemodinamicamente significativa, comparado ao NT-proBNP e a proteína C reativa (PCR) de alta sensibilidade pela análise da curva ROC em pacientes com IC compensado (NYHA II, n = 20) e descompensados (NYHA III, n = 22), comparado a controles saudáveis (n = 15).30 Um panorama mais completo dos miRNAs envolvidos na IC aguda e crônica pode ser visto na revisão recentemente publicada de Vegter e colaboradores.31 Considerando os estudos em pacientes com fibrilação atrial (FA), já foi observado que pacientes com IC crônica estável com FA e fração de ejeção < 40% apresentam uma redução significativa dos níveis plasmáticos de miR-150 comparados aos seus controles saudáveis.32 Harling et al.,33 estudaram o plasma coletado no pré-operatório 24 horas antes de cirurgia de revascularização miocárdica, para avaliar a precisão diagnóstica do miRNA na fibrilação atrial pós-operatória.",revisao_mirnas_fisiopatologia_cardiovascular_filtrado.txt,NORM,baixo,3
"Nesta análise, os autores mostraram o miR483-5p como um potencial biomarcador da FA pós-operatória, com precisão preditiva global de 78%.33 Os miR-23a e -26a também teriam a capacidade de prever a FA pós-operatória, uma vez que seus 740 Artigo de Revisão Silva et al miRNAs e doença cardiovascular Arq Bras Cardiol.",revisao_mirnas_fisiopatologia_cardiovascular_filtrado.txt,NORM,baixo,4
"111(5):738-746 níveis estão reduzidos no período pós-operatório de pacientes submetidos à intervenção coronária arterial de by-pass.34 O nível circulante reduzido do miR-126 serviria como candidato a biomarcador do desenvolvimento, progressão e severidade da FA e da IC, de acordo com estudo realizado em pacientes com FA, IC ou associação de ambos.35 Por fim, Gorem et al.,36 mostraram expressão reduzida do miR-150 nas plaquetas de pacientes com IC sistólica crônica associada à FA, comparado aos indivíduos sem FA, perfil também encontrado no soro desses pacientes.36 Na doença vascular aterosclerótica, já foi observada a produção de corpos apoptóticos derivados de células endoteliais, os quais continham grande quantidade de miR‑126 em seu interior e que eram, por sua vez, capazes de desencadear a produção de quimiocina CXCL12 nas células vasculares receptoras.37 O miR-212 circulante é sugerido por Jeong et al.,38 como um biomarcador da aterosclerose, visto que ele aumenta a predição da aterosclerose quando combinado a hemoglobina A1c, HDL e lipoproteína (a).",revisao_mirnas_fisiopatologia_cardiovascular_filtrado.txt,NORM,baixo,4
"Andréa de Melo Leite,1,2,3 Bruno Ferraz de Oliveira Gomes,2 André Casarsa Marques,2 João Luiz Fernandes Petriz,2 Denilson Campos de Albuquerque,2,3,4 Pedro Pimenta de Mello Spineti,4 Antonio José Lagoeiro Jorge,1 Humberto Villacorta,1 Wolney de Andrade Martins1 Universidade Federal Fluminense - Faculdade de Medicina - Pós-graduação em Ciências Cardiovasculares,1 Niterói, RJ – Brasil Rede D’Or São Luiz,2 Rio de Janeiro, RJ – Brasil Instituto D’Or de Pesquisa e Ensino,3 Rio de Janeiro, RJ – Brasil Universidade do Estado do Rio de Janeiro,4 Rio de Janeiro, RJ – Brasil Resumo A indefinição de critérios diagnósticos para síndrome cardiorrenal aguda (SCRA) impacta em diferentes resultados prognósticos.",revisao_sindrome_cardiorrenal_criterios_prognostico_filtrado.txt,CD,alto,4
Não foi encontrada na literatura nem nas diretrizes de insuficiência cardíaca uma definição clara dos critérios diagnósticos da SCRA.,revisao_sindrome_cardiorrenal_criterios_prognostico_filtrado.txt,CD,alto,2
"Entretanto, existem controvérsias na definição de creatinina basal e de qual deveria ser a creatinina sérica de referência dos pacientes críticos.",revisao_sindrome_cardiorrenal_criterios_prognostico_filtrado.txt,CD,alto,1
A creatinina sérica de referência deve refletir a função renal basal antes do início da injúria renal aguda.,revisao_sindrome_cardiorrenal_criterios_prognostico_filtrado.txt,CD,alto,2
"Introdução A insuficiência cardíaca (IC) é um desafio clínico e um problema epidemiológico em progressão em todo o mundo, com elevada morbimortalidade.1 No estudo ARIC,2 as taxas de letalidade em 30 dias, 1 ano e 5 anos após hospitalização por IC foram 10,4%, 22,0% e 42,3%, respectivamente.",revisao_sindrome_cardiorrenal_criterios_prognostico_filtrado.txt,CD,alto,0
"O I Registro Brasileiro de Insuficiência Cardíaca (BREATHE),3 estudo observacional com 1263 pacientes de diferentes regiões do Brasil, mostrou uma mortalidade hospitalar de 12,6%.",revisao_sindrome_cardiorrenal_criterios_prognostico_filtrado.txt,CD,alto,0
Alguns autores referem-se à SCRA por piora da função renal no paciente com IC (Worsening Renal Function - WRF).,revisao_sindrome_cardiorrenal_criterios_prognostico_filtrado.txt,CD,alto,2
"Idealmente, a creatinina sérica de referência deve refletir a função renal basal antes do início da IRA.",revisao_sindrome_cardiorrenal_criterios_prognostico_filtrado.txt,CD,alto,3
"Na maioria das vezes, essa informação não está disponível, levando ao uso de valores de referência substitutos que podem influenciar o diagnóstico e a gravidade da SCRA.16 Métodos Esta revisão foi conduzida conforme a metodologia Preferred Reporting Items for Systematic Reviews and Meta‑Analyses (PRISMA).17 A pesquisa incluiu artigos originais do tipo ensaio clínico, coorte, caso-controle e meta-análises publicados no período de janeiro de 1998 até junho de 2018, com textos na íntegra, em inglês, espanhol e português, nas bases de dados MEDLINE, EMBASE e LILACS.",revisao_sindrome_cardiorrenal_criterios_prognostico_filtrado.txt,CD,alto,1
Uma análise post hoc do estudo Pré-RELAX demonstrou que a queda na pressão arterial sistólica nas primeiras 48 horas de terapia vasodilatadora foi um preditor independente de IRA até o quinto dia de internação.20 Esses resultados sugerem que a redução na pressão de perfusão renal relacionada à terapia seja um dos principais mecanismos que levam à IRA nos primeiros dias de internação.,revisao_sindrome_cardiorrenal_criterios_prognostico_filtrado.txt,CD,alto,2
"A maioria dos estudos refere-se a análises retrospectivas, secundárias e/ou post hoc de grandes bancos de dados10-12,23-25 ou a ensaios clínicos de terapia medicamentosa.26 Critérios diagnósticos da síndrome cardiorrenal aguda O primeiro trabalho a avaliar o impacto da piora da função renal em idosos internados com ICD, no ano de 2000, adotou como critério o aumento da creatinina em 0,3 mg/dl.10 Outro estudo demonstrou que aumentos de creatinina durante a internação da ordem de 0,1 mg/dl estavam associados a maior mortalidade hospitalar e tempo de internação.",revisao_sindrome_cardiorrenal_criterios_prognostico_filtrado.txt,CD,alto,5
"Nesse estudo, um aumento ≥0,3 mg/dl apresentou melhor sensibilidade e especificidade para prever óbito (81% e 62%, respectivamente) e tempo de internação maior que dez dias (64% e 65%, respectivamente).11 O aumento absoluto da creatinina em 0,3 mg/dl tem sido adotado pela maioria dos autores como critério para definir a SCRA.27 Entretanto, outros autores discordam desse critério por ele não considerar o grau de disfunção renal prévia, sugerindo o uso de uma das três diferentes classificações para definição de IRA.28 Essas definições não são específicas para ICD, tendo sido desenvolvidas para definição e classificação de IRA em diferentes cenários clínicos.",revisao_sindrome_cardiorrenal_criterios_prognostico_filtrado.txt,CD,alto,5
"O critério diagnóstico mais comumente utilizado é o aumento da creatinina sérica de pelo menos 0,3 mg/dl ou pelo menos 25% nos primeiros cinco dias de internação, o que difere da definição atual do KDIGO para IRA.33 Além disso, a definição da piora da função renal não inclui IRA na admissão, que está associada a mortalidade e eventos cardiovasculares.34 Abordagens comuns para o diagnóstico de SCRA incluem o uso das seguintes referências de creatinina basal, a partir Tabela 2 – Critérios usados pelas classificações RIFLE34, AKIN35, KDIGO36 e WRF11 para definir injúria renal aguda Critérios WRF RIFLE AKIN KDIGO Anos 2002 2004 2007 2012 Classificação Aumento da CrS Aumento da CrS Queda na TFG Aumento da CrS Aumento da CrS Estágio 1 / Risco ≥ 0,3 mg/dl ≥ 1,5x CrB ≥ 25% > 1,5-1,9x CrB ou ≥ 0,3 mg/dl ≥ 1,5x CrB ou ≥ 0,3 mg/dl Estágio 2 / Injúria - ≥ 2x CrB ≥ 50% > 2-2,9x CrB ≥ 2x CrB Estágio 3 / Falência - ≥ 3x CrB ≥ 75% ≥ 3x CrB ≥ 3x CrB - Ou CrS ≥ 4mg/dl e aumento de 0,5mg/dl Ou CrS ≥ 4mg/dL e aumento de 0,5mg/dl ou início de diálise Ou CrS ≥ 4mg/dl Período mínimo para que IRA ocorra Aumento da CrS em qualquer momento da internação Variações da CrS em 1-7 dias por mais de 24 h Alterações agudas da sCr em 48 h durante a internação Elevação ≥ 1,5x CrB em 7 dias, ou aumento mínimo de 0,3 mg/dl na CrS em 48 h WRF (worsening renal function), piora da função renal;",revisao_sindrome_cardiorrenal_criterios_prognostico_filtrado.txt,CD,alto,7
"Os critérios originais do RIFLE não especificaram como escolher a creatinina de referência, mas recomendaram a imputação de um valor calculado a partir de uma TFG estimada de 75ml/min/1,73m2.",revisao_sindrome_cardiorrenal_criterios_prognostico_filtrado.txt,CD,alto,2
"Abordagens alternativas incluem a avaliação da variação da creatinina nas primeiras 48 horas para reduzir a necessidade do valor pré-hospitalar (AKIN) ou a menor creatinina sérica da internação, quando ausente a medida ambulatorial de creatinina (KDIGO).35 Siew et al.,36 estudaram 4.863 pacientes hospitalizados e avaliaram três referências de creatinina basal: MDRD (Modification of Diet in Renal Disease), creatinina admissional e a menor creatinina da internação.",revisao_sindrome_cardiorrenal_criterios_prognostico_filtrado.txt,CD,alto,2
O uso da creatinina da admissão como referência tem a menor sensibilidade para o diagnóstico de IRA adquirida no hospital e não inclui o diagnóstico de IRA iniciada antes da chegada ao hospital.,revisao_sindrome_cardiorrenal_criterios_prognostico_filtrado.txt,CD,alto,2
"Alguns autores consideraram como referência a creatinina da pré-admissão hospitalar (ambulatorial) quando disponível, mas apenas alguns deles definiram o tempo de validade máximo da medida ambulatorial até a internação.",revisao_sindrome_cardiorrenal_criterios_prognostico_filtrado.txt,CD,alto,1
O critério RIFLE29 não define especificamente qual seria a referência de creatinina basal.,revisao_sindrome_cardiorrenal_criterios_prognostico_filtrado.txt,CD,alto,2
"O critério de IRA mais recente, KDIGO, sugere como referência a menor creatinina sérica durante a internação hospitalar.35 Poucos estudos consideraram a função renal basal correlacionada com creatinina ascendente durante o episódio de IRA.",revisao_sindrome_cardiorrenal_criterios_prognostico_filtrado.txt,CD,alto,4
"O uso de biomarcadores na caracterização da síndrome cardiorrenal aguda Apesar de a creatinina ser o pilar do diagnóstico da SCRA, ela apresenta limitações como marcador da função renal, especialmente em pacientes críticos.",revisao_sindrome_cardiorrenal_criterios_prognostico_filtrado.txt,CD,alto,5
"Portanto, a creatinina é considerada um marcador lento de IRA.37 Existem controvérsias na definição de creatinina basal dos pacientes críticos, visto que nessa condição existem alterações na nutrição, perda de massa muscular e sobrecarga hídrica.",revisao_sindrome_cardiorrenal_criterios_prognostico_filtrado.txt,CD,alto,2
"Biomarcadores de qualidade são aqueles que possuem aplicabilidade clínica, com papel reconhecido na fisiopatologia da síndrome.",revisao_sindrome_cardiorrenal_criterios_prognostico_filtrado.txt,CD,alto,1
Há incentivo para a pesquisa de biomarcadores mais fidedignos para o diagnóstico precoce da SCRA.,revisao_sindrome_cardiorrenal_criterios_prognostico_filtrado.txt,CD,alto,1
"A molécula de lesão renal-1 (KIM-1), a lipocalina associada à gelatinase de neutrófilos (NGAL), a interleucina 18 (IL-18), e a cistatina C (Cys-C) são alguns dos novos marcadores de lesão renal alvos de estudos.",revisao_sindrome_cardiorrenal_criterios_prognostico_filtrado.txt,CD,alto,1
"No entanto, nenhum dos três marcadores tubulares citados previu com precisão o agravamento da função renal nos pacientes com ICD.38 Estima-se que microalbuminúria esteja presente em 20% a 30% dos pacientes com IC.",revisao_sindrome_cardiorrenal_criterios_prognostico_filtrado.txt,CD,alto,1
"É importante lembrar que o NT-proBNP é reduzido em pacientes submetidos a hemodiálise por membranas de alto fluxo.40 O ST2 (do inglês, Suppression of Tumorigenicity 2) é um biomarcador de congestão menos influenciado pela função renal do que o NT-ProBNP e pode acrescentar informação diagnóstica e prognóstica.41 Métodos de imagem no diagnóstico da síndrome cardiorrenal aguda O exame de imagem com avaliação das ondas de fluxo venoso e arterial renal pode sinalizar um agravamento da função antes de ocorrer um aumento da creatinina sérica, fornecendo uma avaliação viável e não invasiva da hemodinâmica renal.42,43 Implicações prognósticas da síndrome cardiorrenal aguda A SCRA está associada com maior mortalidade por todas as causas e cardiovascular em curto e longo prazos, tempo de hospitalização prolongado,10,11,44-46 reinternações,27,47 progressão para os estágios da doença renal crônica48 e maiores custos com a saúde.10 A SCRA parece ser mais grave em pacientes com fração de ejeção do ventrículo esquerdo (FEVE) reduzida em comparação àqueles com FEVE preservada, atingindo uma incidência de 70% naqueles com choque cardiogênico.49 Além disso, o comprometimento da função renal é encontrado como um fator de risco independente para mortalidade em 1 ano em pacientes com IC aguda, incluindo aqueles com infarto do miocárdio com supradesnivelamento do segmento ST.23 Uma justificativa seria que um declínio agudo da função renal não atua simplesmente como um marcador de gravidade da doença, mas também acelera alterações cardiovasculares através da ativação de vias inflamatórias.48 Dois estudos mostraram que o risco de mau prognóstico permanece independentemente se a SCRA foi intermitente ou persistente45,47 e que mesmo discretas alterações da função renal podem alterar o risco de morte.49 Alguns estudos demonstraram que a SCRA persistente, quando comparada com a intermitente, apresenta pior prognóstico após a alta hospitalar e elevações transitórias da creatinina não se relacionaram com pior prognóstico.50-52 No estudo ADHERE,9 59% dos homens e 68% das mulheres apresentaram disfunção renal moderada a grave no momento da hospitalização.",revisao_sindrome_cardiorrenal_criterios_prognostico_filtrado.txt,CD,alto,5
